date,Alabama,Alaska,Arizona,Arkansas,California,Colorado,Connecticut,Delaware,District of Columbia,Florida,Georgia,Hawaii,Idaho,Illinois,Indiana,Iowa,Kansas,Kentucky,Louisiana,Maine,Maryland,Massachusetts,Michigan,Minnesota,Mississippi,Missouri,Montana,Nebraska,Nevada,New Hampshire,New Jersey,New Mexico,New York,North Carolina,North Dakota,Ohio,Oklahoma,Oregon,Pennsylvania,Rhode Island,South Carolina,South Dakota,Tennessee,Texas,Utah,Vermont,Virginia,Washington,West Virginia,Wisconsin,Wyoming,Maine.1
2/24/2020,1,2,0,2,1,1,1,3,-1,1,-1,1,3,3,2,3,3,2,-2,-5,3,-4,1,2,0,6,2,2,1,0,2,2,-4,-2,2,3,2,2,2,-2,1,2,2,2,3,-2,2,-1,2,3,3,null
2/25/2020,1,2,0,2,2,2,2,3,0,1,0,1,3,3,2,3,3,2,-7,-3,3,-2,3,2,-1,6,2,2,0,-1,2,2,-2,-2,3,3,2,2,3,0,1,2,2,3,3,-3,2,0,2,3,2,null
2/26/2020,1,3,1,2,2,3,2,3,0,1,0,1,3,2,2,3,3,2,-9,-1,3,-1,1,2,-1,6,2,2,0,-3,2,2,0,-2,3,2,2,2,3,1,1,2,2,3,3,-3,2,1,2,3,2,null
2/27/2020,1,3,1,2,2,3,2,3,1,1,1,1,3,2,2,3,4,2,-9,0,3,1,0,2,0,6,2,2,0,-5,2,2,1,0,3,2,2,2,3,2,2,2,2,3,3,-4,2,1,2,3,3,null
2/28/2020,1,3,1,2,2,3,3,3,2,1,2,1,3,2,1,4,4,2,-9,1,3,3,0,2,0,6,2,2,1,-6,2,2,3,3,3,1,2,2,3,3,2,1,2,3,3,-5,3,2,1,3,2,null
2/29/2020,1,3,2,2,3,3,3,3,2,1,2,1,3,2,1,4,4,2,-9,2,3,3,0,3,0,6,2,3,1,-6,2,3,3,3,3,1,3,2,2,3,2,1,2,2,3,-6,3,2,1,3,2,null
3/1/2020,1,4,3,3,2,3,3,3,2,2,2,1,4,2,1,4,4,2,-8,2,3,3,-1,3,0,6,2,3,1,-7,2,3,3,3,3,1,3,3,2,3,2,1,3,3,3,-6,3,2,1,3,2,null
3/2/2020,2,4,3,3,2,3,3,3,2,1,2,1,4,2,1,4,4,2,-6,2,3,3,-1,3,1,6,2,3,1,-5,2,3,3,3,3,1,3,2,2,3,2,1,3,3,3,-5,3,2,1,3,2,null
3/3/2020,2,4,3,3,2,4,3,3,2,1,2,1,4,2,1,4,5,2,0,2,3,2,-1,3,2,6,2,3,1,-3,3,3,3,2,3,1,3,2,2,3,2,2,1,3,2,-6,2,2,1,3,3,null
3/4/2020,2,4,3,3,2,4,3,3,2,1,2,1,4,2,2,4,5,2,1,1,3,2,1,3,2,7,2,3,1,-1,3,3,3,2,3,1,3,2,2,3,2,2,1,2,2,-4,2,1,1,3,3,null
3/5/2020,2,4,3,3,2,4,3,3,2,1,1,1,4,2,2,4,5,2,2,3,3,3,2,3,2,7,2,3,1,1,3,3,4,2,3,2,3,2,2,3,2,3,1,3,2,-2,2,0,2,3,3,null
3/6/2020,2,3,2,3,2,3,3,3,2,1,1,1,4,3,2,4,5,2,3,3,3,3,2,2,2,7,2,2,1,3,3,3,4,2,3,2,3,2,2,3,2,3,0,3,2,-1,1,-2,2,3,3,null
3/7/2020,3,2,2,3,2,3,3,3,2,1,1,1,4,3,3,4,5,2,3,3,3,2,3,2,2,7,2,2,1,3,3,3,4,2,3,3,3,2,2,3,2,3,1,3,2,-1,1,-2,2,3,3,null
3/8/2020,3,2,2,3,2,3,3,3,2,1,1,1,4,3,2,4,4,2,3,3,3,2,3,2,2,7,2,2,1,3,3,3,4,2,3,2,3,2,2,2,2,3,0,3,2,0,1,-3,2,3,3,null
3/9/2020,3,0,0,3,2,3,2,2,1,1,1,1,4,3,2,4,4,2,2,3,3,2,3,1,0,6,2,1,0,3,3,3,3,1,3,2,3,1,1,2,2,2,0,1,2,0,1,-4,2,3,3,null
3/10/2020,2,-1,-1,3,1,3,2,2,0,1,1,1,3,2,2,4,3,2,2,3,3,2,2,0,-2,6,2,0,-1,2,2,3,3,1,3,2,3,1,1,2,1,2,1,-1,2,2,1,-5,2,3,3,null
3/11/2020,3,-3,-3,3,0,3,2,2,0,1,1,1,3,2,2,4,2,1,2,3,2,1,2,0,-3,6,2,-1,-1,2,1,2,2,1,3,2,3,1,1,1,1,2,1,-3,2,1,1,-7,1,3,3,null
3/12/2020,2,-4,-5,3,-1,2,1,2,-2,0,1,1,3,1,1,4,1,1,2,3,2,0,2,-1,-5,5,1,-2,-1,2,0,1,1,0,3,1,3,1,0,1,2,1,1,-5,2,1,0,-8,1,3,3,null
3/13/2020,2,-6,-7,2,-2,1,-1,1,-4,-1,0,0,3,1,1,3,-1,0,1,2,1,-3,1,-2,-6,4,1,-4,-2,1,-1,0,-1,0,2,0,1,0,-1,0,1,0,0,-7,0,0,-1,-9,0,2,2,null
3/14/2020,1,-6,-7,2,-3,0,-2,0,-5,-1,-1,-1,2,0,0,2,-2,-1,1,2,0,-3,0,-2,-7,3,0,-5,-3,0,-3,-1,-2,-1,1,-1,0,-2,-2,-1,1,-1,-1,-8,-1,-1,-2,-10,0,2,1,null
3/15/2020,0,-7,-8,1,-5,-2,-3,-2,-8,-2,-3,-1,1,-2,-1,1,-3,-2,0,1,-2,-5,-1,-3,-8,2,-1,-5,-4,-1,-4,-2,-3,-2,1,-2,-1,-3,-3,-2,0,-2,-2,-9,-3,-2,-3,-11,-1,1,0,null
3/16/2020,-1,-7,-10,-2,-8,-6,-7,-5,-14,-4,-6,-4,-1,-4,-4,-2,-5,-4,-2,-1,-6,-9,-4,-5,-8,0,-4,-7,-5,-3,-8,-5,-7,-4,-2,-5,-4,-7,-6,-5,-2,-4,-4,-11,-7,-4,-6,-14,-3,-1,-3,null
3/17/2020,-4,-8,-12,-5,-13,-11,-11,-9,-21,-8,-9,-7,-4,-9,-7,-5,-9,-7,-5,-5,-10,-15,-8,-8,-10,-3,-7,-9,-9,-7,-12,-9,-11,-7,-4,-8,-7,-11,-10,-10,-4,-7,-7,-13,-11,-7,-11,-17,-6,-4,-6,null
3/18/2020,-7,-10,-15,-9,-18,-17,-16,-13,-28,-11,-13,-11,-8,-14,-10,-9,-12,-10,-9,-9,-16,-20,-13,-12,-11,-7,-11,-12,-14,-11,-18,-13,-16,-11,-7,-12,-11,-15,-15,-14,-7,-10,-10,-16,-17,-12,-15,-21,-9,-9,-9,null
3/19/2020,-11,-12,-18,-12,-22,-23,-21,-17,-35,-15,-17,-15,-12,-19,-14,-13,-16,-14,-12,-14,-21,-26,-18,-17,-13,-11,-15,-15,-20,-15,-23,-17,-21,-14,-10,-17,-16,-20,-20,-19,-10,-13,-13,-19,-22,-16,-20,-25,-12,-13,-14,null
3/20/2020,-15,-14,-21,-16,-28,-29,-25,-22,-41,-19,-21,-19,-16,-24,-18,-18,-19,-17,-16,-18,-26,-30,-22,-21,-15,-16,-19,-18,-26,-20,-28,-21,-26,-18,-14,-21,-19,-24,-25,-24,-14,-16,-16,-22,-26,-21,-24,-28,-15,-18,-17,null
3/21/2020,-18,-17,-24,-18,-31,-32,-28,-25,-45,-23,-23,-22,-18,-27,-21,-20,-21,-20,-20,-22,-30,-34,-26,-25,-18,-18,-22,-19,-32,-23,-32,-24,-30,-20,-17,-24,-21,-27,-29,-27,-16,-17,-19,-25,-29,-25,-27,-31,-18,-21,-20,null
3/22/2020,-21,-20,-27,-21,-35,-35,-31,-28,-49,-26,-26,-26,-21,-32,-24,-23,-23,-23,-23,-25,-33,-37,-30,-28,-21,-22,-25,-22,-38,-27,-36,-27,-35,-23,-20,-27,-24,-30,-33,-30,-20,-19,-22,-28,-31,-28,-29,-34,-21,-25,-23,null
3/23/2020,-24,-23,-30,-23,-39,-38,-34,-30,-52,-29,-29,-28,-25,-36,-27,-26,-25,-26,-26,-29,-36,-40,-33,-32,-23,-25,-27,-24,-42,-30,-41,-29,-39,-26,-22,-30,-26,-33,-37,-33,-23,-20,-24,-30,-33,-33,-32,-37,-24,-28,-25,null
3/24/2020,-27,-27,-32,-26,-41,-40,-36,-33,-54,-31,-31,-31,-27,-39,-30,-28,-27,-29,-30,-31,-38,-43,-37,-34,-25,-28,-29,-26,-45,-33,-43,-31,-43,-28,-24,-33,-28,-35,-40,-34,-25,-21,-27,-32,-35,-36,-34,-39,-27,-31,-27,null
3/25/2020,-29,-29,-33,-27,-43,-42,-38,-35,-55,-33,-33,-34,-29,-41,-32,-29,-29,-31,-32,-33,-40,-45,-41,-36,-27,-30,-30,-27,-47,-35,-46,-34,-46,-29,-26,-36,-29,-37,-42,-36,-27,-23,-29,-34,-35,-38,-36,-41,-30,-33,-29,null
3/26/2020,-30,-32,-35,-29,-45,-43,-40,-37,-57,-35,-35,-38,-32,-43,-35,-30,-31,-33,-35,-35,-42,-46,-44,-37,-29,-32,-32,-28,-49,-37,-48,-36,-48,-31,-27,-38,-30,-39,-44,-38,-29,-24,-31,-36,-37,-41,-38,-43,-33,-35,-30,null
3/27/2020,-31,-34,-36,-31,-46,-44,-42,-38,-58,-37,-36,-40,-34,-45,-37,-31,-32,-35,-37,-36,-44,-48,-47,-38,-30,-34,-33,-29,-50,-38,-50,-38,-50,-33,-27,-40,-31,-41,-45,-39,-30,-24,-33,-37,-37,-43,-39,-45,-35,-36,-31,null
3/28/2020,-32,-35,-37,-32,-46,-45,-43,-40,-59,-38,-38,-42,-36,-46,-39,-32,-34,-36,-38,-37,-45,-50,-50,-40,-31,-36,-34,-30,-50,-39,-52,-39,-52,-34,-28,-42,-33,-42,-47,-40,-31,-26,-35,-39,-39,-45,-40,-47,-36,-38,-32,null
3/29/2020,-33,-37,-37,-32,-47,-46,-44,-41,-60,-40,-39,-44,-37,-46,-40,-32,-35,-37,-39,-38,-46,-51,-52,-41,-31,-37,-35,-30,-51,-41,-53,-40,-54,-35,-28,-43,-33,-44,-47,-42,-32,-27,-35,-40,-39,-47,-41,-48,-37,-39,-32,null
3/30/2020,-34,-39,-38,-32,-47,-47,-45,-42,-60,-41,-40,-46,-39,-46,-42,-33,-36,-38,-40,-39,-47,-52,-54,-42,-32,-38,-36,-31,-51,-42,-53,-41,-54,-36,-29,-44,-35,-44,-47,-43,-33,-28,-36,-41,-40,-48,-41,-50,-38,-40,-33,null
3/31/2020,-34,-39,-39,-32,-47,-48,-45,-43,-61,-41,-40,-47,-40,-47,-43,-34,-37,-39,-41,-39,-47,-52,-55,-43,-33,-38,-38,-31,-51,-42,-54,-42,-55,-37,-29,-44,-36,-45,-48,-43,-34,-29,-37,-42,-41,-49,-42,-51,-39,-41,-33,null
4/1/2020,-35,-40,-40,-32,-48,-49,-46,-43,-61,-42,-41,-47,-41,-47,-43,-34,-38,-40,-41,-40,-48,-53,-55,-44,-33,-39,-39,-32,-51,-43,-54,-42,-55,-39,-30,-45,-37,-45,-48,-44,-35,-29,-37,-43,-42,-51,-42,-52,-39,-41,-34,null
4/2/2020,-35,-40,-40,-32,-48,-49,-46,-43,-62,-43,-42,-47,-41,-47,-44,-35,-39,-41,-41,-40,-49,-53,-55,-46,-33,-39,-40,-33,-52,-43,-55,-42,-56,-40,-31,-45,-37,-45,-48,-44,-36,-30,-38,-43,-43,-51,-43,-52,-39,-41,-35,null
4/3/2020,-36,-41,-41,-32,-48,-50,-47,-44,-62,-43,-43,-47,-41,-47,-44,-35,-39,-41,-41,-41,-49,-54,-56,-47,-34,-40,-41,-33,-52,-44,-55,-42,-57,-40,-32,-45,-38,-45,-48,-45,-37,-31,-38,-43,-44,-51,-44,-53,-39,-41,-35,null
4/4/2020,-36,-41,-42,-33,-48,-50,-47,-44,-62,-44,-44,-47,-42,-47,-44,-36,-40,-42,-42,-42,-50,-54,-56,-46,-35,-40,-41,-34,-52,-44,-55,-42,-57,-41,-33,-45,-39,-45,-48,-46,-37,-32,-39,-44,-45,-52,-44,-53,-39,-41,-35,null
4/5/2020,-37,-41,-42,-33,-49,-50,-47,-44,-63,-45,-44,-47,-42,-47,-44,-36,-41,-42,-42,-42,-50,-54,-56,-46,-36,-40,-41,-34,-53,-44,-56,-42,-57,-41,-33,-45,-39,-46,-48,-46,-38,-32,-40,-45,-45,-51,-44,-53,-39,-41,-35,null
4/6/2020,-37,-41,-43,-33,-49,-50,-48,-44,-63,-45,-45,-48,-42,-48,-44,-36,-41,-42,-42,-42,-51,-54,-56,-46,-36,-41,-41,-35,-53,-45,-56,-42,-57,-42,-34,-45,-39,-46,-49,-46,-39,-33,-40,-45,-45,-52,-45,-53,-39,-41,-35,null
4/7/2020,-38,-41,-44,-33,-49,-50,-48,-45,-63,-46,-46,-48,-42,-48,-45,-36,-41,-43,-42,-43,-51,-54,-57,-46,-37,-41,-41,-35,-54,-45,-56,-43,-58,-42,-34,-45,-40,-46,-49,-47,-39,-33,-41,-45,-46,-52,-45,-53,-39,-41,-35,null
4/8/2020,-38,-41,-44,-34,-50,-50,-48,-45,-63,-46,-47,-48,-42,-48,-45,-36,-41,-43,-42,-43,-51,-55,-57,-47,-38,-42,-41,-36,-54,-45,-57,-43,-58,-42,-35,-45,-40,-46,-49,-47,-40,-34,-41,-45,-46,-52,-46,-53,-40,-41,-35,null
4/9/2020,-39,-40,-44,-34,-50,-50,-49,-46,-64,-47,-47,-49,-42,-48,-45,-37,-41,-43,-43,-43,-52,-55,-57,-47,-39,-42,-40,-36,-54,-45,-57,-43,-58,-42,-34,-46,-40,-46,-49,-48,-41,-34,-42,-45,-46,-52,-46,-53,-40,-42,-35,null
4/10/2020,-40,-41,-45,-35,-51,-50,-50,-47,-64,-48,-48,-50,-43,-49,-46,-38,-42,-44,-44,-44,-52,-55,-58,-47,-40,-43,-41,-37,-55,-46,-58,-44,-59,-44,-35,-47,-41,-46,-51,-48,-42,-35,-43,-47,-47,-52,-47,-53,-41,-43,-35,null
4/11/2020,-40,-41,-45,-35,-51,-50,-51,-47,-64,-48,-48,-50,-43,-49,-46,-38,-42,-44,-44,-44,-52,-55,-58,-47,-40,-43,-41,-37,-55,-46,-59,-44,-59,-45,-36,-47,-41,-46,-51,-49,-43,-35,-43,-47,-47,-52,-47,-53,-41,-43,-36,null
4/12/2020,-42,-41,-46,-36,-51,-51,-52,-48,-64,-48,-49,-51,-43,-50,-47,-40,-43,-45,-45,-46,-53,-56,-59,-49,-42,-44,-42,-40,-55,-47,-60,-45,-60,-45,-37,-48,-42,-46,-52,-49,-44,-37,-45,-47,-47,-53,-48,-53,-42,-44,-37,null
4/13/2020,-42,-41,-46,-37,-51,-52,-52,-49,-65,-48,-49,-51,-43,-50,-47,-40,-43,-45,-45,-46,-53,-57,-59,-49,-42,-44,-42,-40,-55,-48,-60,-45,-60,-46,-38,-48,-42,-46,-52,-50,-44,-38,-45,-47,-47,-53,-48,-53,-42,-45,-37,null
4/14/2020,-41,-41,-46,-37,-51,-52,-52,-49,-64,-48,-48,-51,-42,-50,-46,-40,-43,-45,-45,-46,-53,-56,-58,-49,-41,-44,-42,-40,-54,-47,-60,-45,-60,-46,-38,-48,-41,-46,-52,-50,-44,-38,-44,-47,-47,-53,-48,-53,-42,-44,-37,null
4/15/2020,-41,-40,-45,-36,-50,-51,-52,-49,-64,-48,-48,-51,-42,-50,-46,-40,-43,-45,-45,-45,-53,-56,-58,-48,-41,-43,-41,-40,-54,-47,-60,-45,-59,-46,-37,-48,-41,-45,-52,-50,-44,-38,-44,-47,-46,-53,-48,-52,-41,-44,-37,null
4/16/2020,-40,-40,-45,-36,-50,-52,-51,-48,-64,-48,-47,-51,-41,-50,-46,-39,-43,-44,-44,-45,-53,-56,-58,-48,-40,-43,-41,-40,-54,-47,-59,-45,-59,-45,-37,-47,-41,-45,-51,-49,-43,-38,-43,-46,-46,-53,-48,-52,-41,-44,-37,null
4/17/2020,-39,-39,-44,-35,-49,-51,-50,-47,-64,-47,-46,-49,-41,-49,-45,-38,-42,-43,-42,-43,-52,-55,-57,-47,-39,-42,-40,-39,-53,-46,-58,-44,-58,-43,-35,-46,-40,-45,-50,-48,-41,-37,-42,-45,-45,-52,-47,-51,-40,-43,-36,null
4/18/2020,-38,-39,-44,-34,-48,-51,-49,-47,-64,-46,-45,-49,-40,-48,-44,-37,-41,-43,-41,-43,-52,-56,-56,-46,-38,-41,-39,-38,-53,-46,-58,-43,-58,-43,-35,-45,-39,-44,-49,-49,-41,-36,-41,-44,-44,-52,-46,-51,-40,-42,-35,null
4/19/2020,-37,-37,-43,-33,-47,-49,-48,-46,-63,-45,-44,-48,-39,-47,-43,-36,-40,-41,-40,-41,-51,-54,-55,-44,-37,-40,-37,-35,-52,-44,-56,-42,-56,-42,-33,-44,-38,-44,-48,-47,-39,-34,-39,-43,-43,-51,-45,-50,-39,-40,-33,null
4/20/2020,-37,-37,-43,-32,-47,-49,-47,-45,-63,-45,-44,-47,-39,-46,-42,-35,-39,-41,-40,-41,-50,-54,-54,-44,-36,-39,-37,-35,-52,-44,-56,-41,-56,-41,-32,-43,-37,-44,-47,-47,-39,-34,-39,-43,-43,-50,-45,-50,-38,-40,-33,null
4/21/2020,-37,-37,-42,-32,-47,-48,-47,-45,-63,-45,-44,-47,-39,-46,-42,-35,-39,-41,-39,-41,-50,-54,-54,-44,-36,-39,-37,-35,-52,-44,-55,-41,-56,-41,-32,-43,-37,-44,-47,-47,-39,-34,-39,-43,-43,-50,-45,-49,-38,-39,-33,null
4/22/2020,-37,-37,-43,-32,-47,-48,-47,-45,-63,-44,-44,-47,-38,-46,-42,-36,-39,-41,-39,-41,-50,-54,-54,-44,-36,-39,-36,-35,-52,-44,-55,-41,-55,-41,-32,-43,-37,-44,-47,-47,-38,-34,-38,-43,-43,-50,-45,-49,-38,-39,-33,null
4/23/2020,-37,-36,-43,-32,-46,-48,-47,-45,-63,-44,-44,-47,-38,-46,-42,-36,-39,-41,-39,-41,-50,-54,-54,-44,-36,-39,-36,-35,-52,-44,-55,-41,-55,-41,-32,-43,-37,-44,-47,-47,-39,-34,-38,-42,-43,-50,-45,-49,-38,-39,-32,null
4/24/2020,-37,-36,-43,-32,-46,-47,-47,-45,-63,-44,-44,-47,-38,-46,-42,-36,-39,-41,-39,-41,-50,-54,-54,-44,-36,-39,-36,-35,-52,-44,-55,-41,-55,-41,-32,-43,-37,-44,-47,-47,-38,-34,-38,-42,-43,-49,-45,-49,-38,-39,-32,null
4/25/2020,-37,-36,-43,-32,-46,-47,-46,-44,-63,-44,-43,-47,-38,-46,-42,-36,-39,-41,-39,-40,-50,-54,-54,-44,-35,-39,-36,-35,-52,-43,-54,-41,-54,-41,-32,-43,-37,-43,-47,-46,-38,-34,-38,-42,-43,-49,-45,-49,-38,-39,-32,null
4/26/2020,-36,-35,-43,-31,-46,-47,-46,-44,-63,-44,-42,-47,-38,-46,-42,-36,-39,-41,-38,-40,-50,-54,-53,-43,-35,-39,-35,-35,-52,-43,-54,-41,-54,-41,-32,-43,-37,-43,-47,-46,-38,-33,-38,-42,-43,-49,-45,-49,-38,-39,-32,null
4/27/2020,-36,-35,-42,-31,-46,-47,-46,-44,-63,-44,-42,-47,-37,-46,-42,-36,-38,-41,-38,-40,-50,-53,-53,-43,-34,-39,-35,-35,-52,-43,-54,-41,-54,-40,-32,-42,-36,-43,-47,-46,-37,-33,-38,-42,-42,-49,-44,-49,-38,-39,-32,null
4/28/2020,-36,-34,-42,-31,-46,-46,-46,-44,-63,-44,-42,-46,-37,-46,-41,-36,-38,-41,-38,-40,-50,-53,-53,-43,-34,-38,-34,-35,-52,-43,-54,-41,-54,-40,-32,-42,-36,-43,-46,-46,-37,-33,-38,-42,-42,-48,-44,-49,-38,-39,-32,null
4/29/2020,-35,-34,-42,-31,-46,-46,-46,-44,-63,-43,-42,-46,-37,-46,-41,-36,-38,-41,-38,-39,-50,-53,-52,-43,-34,-38,-34,-35,-52,-43,-53,-41,-54,-40,-32,-42,-35,-43,-46,-46,-37,-33,-38,-41,-42,-48,-44,-48,-38,-39,-32,null
4/30/2020,-35,-33,-42,-31,-46,-46,-46,-44,-63,-43,-41,-46,-37,-46,-41,-35,-38,-40,-38,-39,-50,-53,-52,-43,-33,-38,-33,-35,-52,-43,-53,-41,-54,-40,-32,-42,-35,-43,-46,-46,-37,-32,-37,-41,-42,-48,-44,-48,-37,-39,-31,null
5/1/2020,-34,-33,-42,-31,-45,-45,-45,-43,-63,-43,-41,-46,-37,-45,-41,-35,-38,-40,-37,-39,-50,-53,-52,-43,-33,-38,-33,-35,-51,-43,-53,-40,-53,-39,-31,-42,-35,-43,-46,-46,-36,-32,-37,-41,-42,-47,-44,-47,-37,-38,-31,null
5/2/2020,-34,-32,-42,-30,-45,-45,-45,-43,-62,-42,-40,-45,-36,-44,-40,-35,-37,-39,-37,-38,-49,-52,-51,-43,-33,-37,-32,-35,-51,-43,-53,-40,-53,-39,-30,-41,-34,-42,-45,-45,-36,-32,-36,-40,-42,-47,-44,-47,-36,-38,-31,null
5/3/2020,-33,-32,-41,-30,-44,-44,-44,-42,-61,-41,-39,-45,-36,-44,-39,-35,-37,-39,-36,-37,-48,-51,-50,-42,-32,-37,-31,-34,-50,-42,-51,-40,-52,-38,-29,-40,-33,-42,-44,-44,-35,-31,-35,-40,-41,-46,-43,-47,-35,-38,-30,null
5/4/2020,-33,-32,-41,-30,-44,-44,-44,-42,-61,-41,-39,-44,-35,-44,-39,-34,-36,-38,-36,-37,-48,-51,-50,-42,-32,-36,-31,-34,-50,-41,-51,-39,-51,-38,-29,-40,-33,-42,-44,-44,-35,-31,-35,-39,-41,-46,-43,-46,-35,-37,-29,null
5/5/2020,-32,-31,-40,-29,-44,-43,-43,-42,-61,-40,-39,-44,-34,-44,-38,-34,-36,-38,-35,-36,-48,-51,-49,-42,-31,-36,-30,-34,-50,-41,-51,-39,-51,-38,-28,-40,-32,-41,-43,-43,-34,-30,-34,-39,-40,-46,-43,-46,-35,-37,-29,null
5/6/2020,-31,-30,-40,-29,-44,-43,-43,-42,-61,-40,-38,-43,-33,-43,-38,-34,-35,-38,-34,-36,-48,-50,-49,-41,-31,-35,-29,-33,-49,-40,-50,-39,-50,-37,-28,-39,-31,-41,-43,-43,-34,-30,-34,-38,-39,-45,-43,-45,-34,-37,-28,null
5/7/2020,-31,-30,-40,-28,-43,-43,-43,-41,-60,-39,-38,-43,-33,-43,-37,-33,-35,-37,-34,-35,-47,-50,-48,-41,-30,-35,-28,-33,-49,-40,-50,-39,-50,-37,-27,-39,-31,-40,-43,-43,-33,-29,-33,-38,-39,-45,-42,-45,-34,-36,-27,null
5/8/2020,-31,-30,-40,-28,-43,-42,-43,-41,-60,-39,-38,-43,-32,-43,-37,-33,-34,-37,-34,-35,-47,-50,-48,-41,-30,-34,-28,-33,-49,-40,-50,-38,-50,-37,-27,-38,-31,-40,-42,-42,-33,-29,-33,-37,-38,-44,-42,-45,-33,-36,-27,null
5/9/2020,-31,-29,-39,-28,-43,-41,-43,-41,-60,-38,-37,-42,-32,-42,-36,-33,-34,-37,-34,-35,-47,-50,-47,-41,-30,-34,-27,-32,-48,-40,-49,-38,-50,-36,-27,-38,-30,-40,-42,-42,-33,-29,-32,-37,-38,-44,-42,-44,-33,-36,-26,null
5/10/2020,-30,-29,-38,-28,-42,-41,-42,-40,-60,-38,-37,-42,-31,-42,-36,-32,-33,-36,-33,-35,-46,-49,-47,-41,-29,-33,-26,-32,-47,-39,-49,-37,-49,-36,-27,-38,-30,-39,-42,-42,-32,-28,-32,-36,-37,-44,-42,-43,-32,-36,-26,null
5/11/2020,-30,-28,-38,-27,-42,-41,-42,-40,-60,-37,-36,-42,-31,-42,-35,-32,-33,-36,-33,-35,-46,-49,-46,-41,-29,-33,-26,-32,-47,-39,-48,-37,-49,-35,-26,-37,-29,-39,-41,-42,-32,-28,-31,-36,-37,-44,-41,-43,-32,-36,-26,null
5/12/2020,-29,-28,-38,-27,-42,-40,-42,-39,-60,-37,-36,-41,-31,-42,-35,-32,-32,-35,-33,-34,-46,-49,-46,-40,-28,-33,-26,-31,-47,-39,-48,-37,-49,-35,-26,-37,-29,-39,-41,-41,-32,-27,-31,-35,-37,-43,-41,-43,-31,-35,-25,null
5/13/2020,-29,-28,-37,-27,-42,-40,-41,-39,-59,-37,-36,-41,-31,-42,-34,-32,-32,-35,-33,-34,-46,-48,-45,-40,-28,-32,-26,-31,-46,-38,-48,-37,-48,-35,-26,-36,-29,-39,-41,-41,-31,-27,-31,-35,-37,-43,-41,-43,-31,-35,-25,null
5/14/2020,-28,-27,-37,-27,-41,-40,-41,-39,-59,-36,-35,-41,-31,-42,-34,-31,-32,-35,-32,-34,-46,-48,-45,-40,-28,-32,-25,-31,-46,-38,-47,-36,-48,-34,-26,-36,-29,-39,-40,-41,-31,-27,-30,-35,-37,-43,-41,-43,-31,-35,-25,null
5/15/2020,-28,-27,-37,-27,-41,-39,-41,-39,-59,-36,-35,-41,-31,-42,-33,-31,-32,-35,-32,-34,-45,-48,-45,-40,-27,-32,-25,-31,-45,-38,-47,-36,-48,-34,-26,-36,-29,-39,-40,-40,-31,-27,-30,-35,-37,-42,-41,-42,-30,-35,-25,null
5/16/2020,-27,-27,-36,-26,-41,-39,-40,-38,-59,-36,-35,-40,-30,-42,-33,-31,-31,-34,-32,-33,-45,-48,-44,-40,-27,-31,-25,-31,-45,-37,-47,-36,-47,-34,-25,-35,-28,-39,-39,-40,-30,-26,-30,-35,-36,-42,-40,-42,-30,-34,-24,null
5/17/2020,-27,-26,-36,-26,-41,-39,-40,-38,-59,-36,-34,-40,-29,-42,-32,-30,-31,-34,-32,-32,-45,-47,-44,-40,-27,-31,-24,-30,-45,-37,-46,-35,-47,-34,-24,-34,-28,-38,-39,-39,-30,-26,-30,-35,-36,-41,-40,-42,-30,-34,-24,null
5/18/2020,-27,-26,-35,-26,-41,-38,-40,-38,-58,-35,-34,-40,-29,-41,-32,-30,-30,-34,-31,-32,-44,-47,-43,-39,-26,-31,-24,-30,-44,-37,-46,-35,-47,-34,-24,-34,-28,-38,-39,-39,-29,-26,-29,-34,-36,-41,-40,-42,-29,-33,-23,null
5/19/2020,-27,-26,-35,-26,-41,-38,-39,-38,-58,-35,-34,-39,-28,-41,-31,-29,-30,-34,-30,-32,-44,-47,-43,-39,-26,-30,-24,-30,-44,-36,-46,-35,-46,-34,-24,-34,-27,-37,-39,-39,-29,-25,-29,-34,-36,-40,-39,-42,-29,-33,-23,null
5/20/2020,-26,-26,-35,-25,-40,-38,-39,-37,-58,-35,-34,-39,-28,-41,-31,-29,-29,-33,-29,-32,-44,-46,-42,-39,-26,-30,-24,-30,-43,-36,-45,-34,-46,-34,-24,-33,-27,-37,-38,-38,-29,-25,-29,-34,-35,-40,-39,-42,-29,-33,-23,null
5/21/2020,-26,-25,-34,-25,-40,-38,-39,-37,-58,-34,-34,-39,-28,-41,-31,-29,-29,-33,-29,-31,-44,-46,-42,-39,-26,-29,-24,-29,-43,-36,-45,-34,-46,-34,-24,-33,-27,-37,-38,-38,-29,-25,-29,-34,-35,-40,-39,-42,-29,-33,-23,null
5/22/2020,-26,-26,-34,-26,-40,-38,-38,-37,-58,-34,-34,-39,-28,-40,-31,-29,-29,-33,-28,-31,-44,-46,-41,-39,-26,-29,-23,-29,-43,-36,-45,-34,-45,-34,-24,-33,-27,-37,-38,-38,-29,-25,-29,-34,-35,-39,-39,-42,-29,-33,-23,null
5/23/2020,-26,-26,-34,-26,-39,-37,-38,-37,-57,-33,-33,-39,-28,-40,-31,-29,-29,-32,-28,-31,-43,-45,-41,-38,-25,-29,-24,-29,-42,-35,-45,-34,-45,-33,-24,-33,-27,-36,-38,-38,-28,-25,-29,-33,-35,-39,-39,-41,-28,-32,-23,null
5/24/2020,-26,-26,-33,-26,-39,-38,-38,-36,-57,-33,-34,-38,-28,-39,-31,-29,-29,-32,-28,-31,-43,-45,-40,-38,-25,-29,-24,-30,-42,-35,-44,-34,-45,-33,-25,-33,-28,-36,-38,-37,-28,-26,-29,-33,-35,-39,-39,-41,-28,-32,-24,null
5/25/2020,-32,-31,-38,-31,-43,-42,-42,-41,-59,-38,-38,-43,-34,-44,-36,-35,-35,-37,-32,-36,-47,-48,-45,-43,-30,-34,-30,-36,-46,-40,-48,-38,-48,-38,-31,-38,-33,-41,-43,-42,-33,-32,-34,-37,-40,-43,-43,-45,-33,-37,-30,null
5/26/2020,-32,-31,-38,-31,-43,-42,-42,-40,-58,-37,-38,-43,-34,-43,-36,-35,-35,-37,-32,-36,-46,-48,-44,-43,-30,-34,-30,-36,-46,-40,-48,-38,-48,-37,-31,-38,-33,-40,-42,-41,-33,-32,-34,-37,-40,-43,-43,-45,-33,-37,-29,null
5/27/2020,-32,-31,-37,-31,-42,-42,-41,-40,-58,-37,-38,-42,-33,-43,-36,-35,-35,-36,-32,-36,-46,-48,-44,-43,-30,-34,-29,-36,-45,-40,-47,-38,-47,-36,-31,-37,-33,-40,-42,-41,-33,-32,-34,-37,-40,-43,-43,-44,-32,-37,-29,null
5/28/2020,-32,-30,-37,-31,-42,-41,-41,-40,-58,-37,-38,-42,-33,-43,-35,-35,-35,-36,-32,-35,-46,-47,-43,-42,-30,-34,-29,-35,-45,-40,-47,-38,-47,-36,-31,-37,-32,-40,-42,-41,-32,-32,-33,-37,-39,-42,-42,-44,-32,-36,-29,null
5/29/2020,-31,-29,-37,-30,-42,-41,-41,-39,-57,-36,-38,-41,-32,-42,-35,-34,-34,-35,-31,-34,-45,-47,-43,-42,-30,-33,-28,-35,-45,-39,-47,-37,-47,-35,-30,-36,-32,-39,-41,-40,-32,-31,-33,-36,-39,-41,-42,-43,-31,-35,-28,null
5/30/2020,-30,-28,-36,-29,-41,-39,-39,-38,-56,-35,-36,-40,-31,-40,-33,-32,-32,-34,-30,-33,-44,-45,-41,-41,-28,-32,-27,-33,-43,-37,-45,-36,-45,-34,-28,-35,-30,-38,-40,-39,-31,-29,-31,-35,-38,-40,-40,-43,-30,-33,-27,null
5/31/2020,-29,-26,-35,-28,-40,-38,-38,-37,-54,-34,-35,-39,-29,-39,-32,-30,-31,-32,-29,-32,-43,-44,-39,-40,-27,-30,-26,-31,-42,-36,-44,-35,-44,-33,-27,-33,-29,-37,-38,-38,-30,-28,-30,-34,-36,-39,-39,-42,-29,-31,-25,null
6/1/2020,-23,-21,-30,-22,-35,-32,-33,-32,-51,-29,-30,-34,-23,-35,-25,-24,-24,-27,-25,-26,-38,-39,-34,-34,-22,-25,-19,-25,-38,-31,-39,-30,-40,-27,-20,-28,-23,-32,-33,-32,-24,-21,-24,-29,-31,-34,-34,-37,-23,-25,-19,null
6/2/2020,-23,-20,-30,-22,-35,-32,-32,-31,-51,-29,-30,-33,-22,-34,-25,-23,-24,-27,-24,-26,-38,-39,-33,-34,-21,-24,-19,-25,-37,-30,-39,-29,-40,-27,-20,-27,-22,-32,-33,-32,-24,-20,-24,-29,-31,-33,-34,-37,-23,-25,-18,null
6/3/2020,-23,-20,-30,-22,-35,-32,-32,-31,-51,-29,-29,-33,-22,-34,-25,-23,-24,-26,-24,-25,-38,-39,-33,-33,-21,-24,-19,-25,-37,-30,-39,-29,-40,-27,-19,-27,-22,-32,-33,-32,-23,-20,-24,-29,-30,-33,-33,-37,-23,-24,-18,null
6/4/2020,-23,-20,-30,-22,-35,-32,-32,-31,-51,-29,-29,-33,-22,-34,-25,-23,-24,-26,-24,-25,-38,-38,-32,-33,-21,-24,-19,-24,-36,-29,-39,-29,-40,-27,-19,-27,-22,-32,-33,-31,-23,-20,-24,-29,-30,-32,-33,-36,-23,-24,-18,null
6/5/2020,-23,-20,-30,-22,-35,-32,-32,-31,-51,-29,-29,-32,-22,-33,-25,-23,-24,-26,-24,-25,-37,-38,-32,-33,-21,-24,-19,-24,-36,-29,-38,-29,-39,-27,-19,-26,-22,-32,-32,-31,-23,-20,-24,-29,-30,-32,-33,-36,-23,-24,-18,null
6/6/2020,-23,-20,-30,-23,-35,-32,-32,-30,-51,-29,-30,-32,-23,-33,-25,-23,-24,-26,-24,-25,-37,-38,-32,-32,-21,-24,-19,-25,-36,-29,-38,-29,-39,-27,-20,-27,-23,-31,-32,-31,-23,-20,-24,-29,-31,-32,-33,-36,-23,-24,-19,null
6/7/2020,-23,-20,-30,-23,-35,-32,-32,-30,-51,-29,-30,-32,-23,-33,-25,-23,-25,-27,-26,-25,-37,-38,-32,-32,-22,-24,-19,-25,-35,-29,-38,-28,-39,-27,-20,-27,-23,-32,-32,-32,-23,-20,-25,-29,-31,-32,-33,-36,-23,-24,-19,null
6/8/2020,-23,-20,-30,-23,-34,-32,-32,-30,-51,-29,-30,-32,-23,-32,-25,-23,-25,-27,-27,-25,-37,-38,-31,-31,-23,-24,-19,-25,-35,-29,-38,-28,-39,-27,-20,-27,-23,-32,-32,-31,-23,-20,-25,-29,-31,-32,-33,-36,-23,-24,-19,null
6/9/2020,-23,-20,-30,-23,-34,-32,-31,-30,-51,-29,-30,-32,-23,-32,-25,-23,-25,-27,-27,-25,-37,-38,-31,-31,-23,-24,-19,-24,-35,-29,-38,-28,-38,-27,-20,-27,-23,-32,-31,-31,-24,-20,-25,-29,-31,-31,-33,-36,-23,-24,-20,null
6/10/2020,-23,-20,-30,-23,-34,-32,-31,-30,-51,-29,-30,-32,-23,-32,-25,-23,-24,-27,-27,-25,-36,-38,-31,-31,-23,-24,-19,-24,-35,-29,-37,-28,-38,-27,-20,-27,-23,-32,-31,-31,-24,-20,-24,-29,-31,-31,-33,-35,-23,-24,-19,null
6/11/2020,-23,-20,-30,-23,-34,-32,-31,-30,-51,-29,-30,-33,-23,-32,-24,-23,-24,-26,-27,-25,-36,-38,-31,-31,-23,-24,-19,-24,-35,-29,-37,-28,-38,-27,-20,-26,-23,-32,-31,-31,-24,-19,-24,-29,-31,-31,-33,-35,-23,-24,-19,null
6/12/2020,-23,-20,-30,-23,-34,-32,-31,-29,-50,-29,-29,-34,-23,-31,-24,-23,-24,-26,-27,-25,-36,-38,-31,-31,-23,-24,-19,-24,-35,-29,-37,-28,-37,-27,-19,-26,-23,-32,-31,-31,-24,-19,-24,-29,-31,-31,-32,-36,-23,-24,-19,null
6/13/2020,-23,-20,-30,-22,-33,-31,-30,-29,-50,-28,-29,-34,-23,-31,-24,-23,-24,-26,-27,-24,-35,-37,-30,-30,-23,-23,-19,-24,-34,-28,-36,-28,-37,-27,-19,-26,-23,-31,-30,-30,-23,-19,-24,-29,-30,-30,-32,-35,-23,-23,-19,null
6/14/2020,-22,-20,-29,-22,-33,-31,-30,-29,-49,-28,-29,-34,-22,-31,-24,-22,-23,-26,-25,-23,-35,-36,-29,-30,-22,-23,-19,-24,-34,-27,-36,-27,-36,-27,-19,-26,-22,-31,-30,-30,-23,-18,-23,-29,-30,-30,-32,-35,-23,-23,-19,null
6/15/2020,-22,-20,-30,-22,-33,-31,-30,-28,-49,-28,-29,-34,-22,-30,-23,-22,-23,-26,-24,-23,-35,-36,-29,-30,-21,-23,-19,-24,-34,-27,-35,-27,-36,-27,-19,-26,-22,-31,-30,-30,-23,-18,-23,-29,-30,-30,-32,-35,-23,-23,-19,null
6/16/2020,-22,-20,-30,-22,-33,-31,-30,-28,-49,-28,-29,-34,-22,-30,-23,-22,-23,-26,-24,-23,-35,-36,-29,-30,-21,-23,-19,-23,-34,-27,-35,-27,-36,-27,-19,-26,-22,-31,-30,-29,-23,-18,-23,-29,-30,-30,-32,-35,-22,-23,-19,null
6/17/2020,-22,-21,-30,-22,-33,-31,-30,-28,-49,-28,-29,-34,-22,-30,-23,-22,-23,-25,-24,-23,-35,-36,-28,-30,-21,-23,-19,-23,-34,-27,-35,-27,-36,-27,-19,-25,-23,-31,-30,-29,-23,-19,-23,-29,-30,-29,-32,-35,-23,-23,-19,null
6/18/2020,-22,-21,-30,-22,-33,-31,-30,-28,-49,-28,-29,-32,-22,-30,-23,-22,-23,-25,-24,-23,-35,-35,-28,-30,-21,-23,-19,-23,-34,-27,-35,-27,-36,-27,-19,-26,-23,-31,-30,-29,-23,-19,-23,-29,-30,-29,-32,-35,-23,-23,-19,null
6/19/2020,-22,-21,-30,-23,-33,-31,-30,-28,-49,-28,-29,-32,-23,-30,-23,-22,-23,-26,-24,-23,-35,-36,-28,-30,-21,-23,-19,-23,-34,-27,-35,-28,-36,-27,-19,-26,-23,-31,-30,-29,-23,-19,-23,-29,-30,-29,-32,-35,-23,-23,-19,null
6/20/2020,-23,-21,-31,-23,-33,-31,-30,-29,-49,-28,-29,-31,-23,-30,-23,-22,-24,-26,-24,-23,-35,-36,-28,-30,-22,-23,-19,-24,-34,-27,-35,-28,-36,-28,-19,-26,-23,-31,-30,-29,-23,-19,-24,-29,-30,-29,-32,-34,-23,-23,-19,null
6/21/2020,-23,-21,-31,-23,-33,-31,-29,-28,-49,-28,-29,-31,-22,-30,-23,-22,-24,-26,-24,-23,-35,-36,-28,-29,-22,-23,-19,-23,-33,-27,-35,-27,-35,-27,-19,-25,-23,-31,-30,-29,-23,-19,-24,-29,-30,-29,-32,-34,-22,-23,-19,null
6/22/2020,-23,-21,-31,-23,-33,-31,-30,-29,-49,-28,-29,-31,-23,-31,-24,-23,-24,-26,-25,-24,-35,-36,-28,-29,-22,-23,-19,-23,-34,-27,-35,-28,-36,-28,-19,-26,-24,-31,-30,-29,-24,-19,-24,-30,-30,-30,-33,-34,-23,-23,-19,null
6/23/2020,-24,-22,-31,-23,-33,-31,-30,-29,-49,-29,-30,-31,-23,-31,-24,-23,-24,-26,-26,-24,-36,-36,-29,-29,-23,-24,-19,-24,-34,-27,-35,-28,-36,-28,-19,-26,-24,-31,-30,-30,-24,-19,-25,-31,-30,-30,-33,-35,-23,-24,-19,null
6/24/2020,-24,-22,-32,-23,-33,-31,-30,-29,-49,-29,-30,-31,-23,-31,-24,-23,-24,-26,-26,-25,-35,-36,-28,-29,-23,-24,-19,-24,-34,-27,-35,-28,-36,-27,-19,-26,-24,-31,-30,-30,-24,-19,-25,-31,-30,-30,-32,-35,-23,-24,-19,null
6/25/2020,-24,-22,-32,-24,-33,-31,-30,-29,-49,-29,-30,-31,-23,-31,-24,-23,-24,-26,-26,-25,-35,-36,-28,-29,-23,-24,-19,-24,-34,-27,-35,-28,-35,-27,-19,-26,-24,-31,-30,-30,-25,-19,-25,-31,-30,-30,-32,-35,-23,-24,-20,null
6/26/2020,-24,-21,-32,-24,-33,-31,-30,-28,-49,-29,-30,-31,-23,-31,-24,-23,-24,-26,-26,-24,-35,-36,-28,-29,-23,-24,-19,-24,-34,-27,-35,-28,-35,-27,-19,-26,-24,-31,-30,-30,-25,-19,-25,-31,-30,-30,-32,-35,-23,-24,-19,null
6/27/2020,-24,-21,-32,-24,-34,-31,-30,-28,-49,-29,-30,-32,-24,-30,-24,-22,-24,-26,-27,-24,-35,-36,-28,-30,-23,-24,-20,-24,-34,-27,-35,-28,-36,-28,-19,-26,-24,-31,-30,-30,-25,-19,-25,-32,-31,-30,-32,-35,-23,-23,-20,null
6/28/2020,-24,-21,-33,-23,-34,-31,-30,-28,-48,-29,-30,-31,-24,-30,-24,-22,-24,-26,-26,-24,-35,-36,-28,-30,-23,-24,-19,-24,-34,-27,-35,-28,-35,-28,-19,-26,-24,-31,-30,-30,-25,-19,-25,-32,-31,-30,-32,-35,-23,-23,-20,null
6/29/2020,-23,-21,-32,-23,-33,-31,-30,-28,-48,-29,-30,-31,-24,-30,-24,-22,-24,-26,-26,-24,-34,-36,-28,-30,-23,-24,-19,-24,-33,-27,-34,-28,-35,-27,-19,-26,-24,-31,-29,-29,-25,-19,-25,-32,-31,-30,-31,-35,-23,-23,-19,null
6/30/2020,-23,-21,-32,-23,-33,-30,-30,-27,-47,-29,-30,-31,-24,-30,-24,-22,-24,-26,-26,-24,-34,-36,-27,-29,-23,-23,-19,-24,-33,-27,-34,-28,-35,-27,-19,-26,-24,-31,-29,-29,-25,-19,-25,-32,-31,-30,-31,-34,-23,-23,-19,null
7/1/2020,-24,-21,-33,-24,-33,-30,-30,-27,-47,-30,-30,-31,-24,-30,-24,-22,-24,-26,-26,-24,-34,-36,-28,-30,-24,-24,-20,-24,-33,-27,-34,-28,-35,-28,-19,-26,-24,-31,-29,-29,-25,-19,-25,-32,-31,-30,-31,-34,-23,-24,-19,null
7/2/2020,-25,-22,-33,-24,-34,-31,-30,-28,-47,-30,-30,-31,-25,-30,-25,-23,-25,-27,-26,-25,-34,-36,-28,-30,-24,-24,-20,-25,-33,-28,-34,-28,-35,-29,-20,-27,-25,-31,-29,-30,-26,-20,-26,-32,-31,-30,-31,-35,-23,-24,-20,null
7/3/2020,-28,-26,-36,-28,-36,-34,-33,-30,-49,-33,-33,-35,-28,-33,-29,-27,-28,-30,-29,-28,-37,-39,-32,-34,-28,-28,-24,-28,-36,-31,-36,-31,-37,-32,-25,-30,-28,-34,-33,-33,-29,-24,-30,-35,-35,-33,-34,-38,-26,-28,-24,null
7/4/2020,-31,-28,-38,-30,-38,-36,-35,-33,-50,-35,-36,-36,-30,-36,-32,-30,-31,-33,-31,-30,-39,-41,-35,-36,-30,-31,-26,-32,-37,-34,-39,-33,-39,-34,-27,-33,-30,-36,-35,-35,-31,-27,-32,-37,-37,-36,-37,-39,-28,-31,-25,null
7/5/2020,-33,-29,-39,-31,-39,-37,-36,-33,-51,-36,-37,-37,-31,-37,-33,-31,-33,-33,-32,-31,-39,-41,-36,-37,-31,-32,-27,-33,-37,-35,-40,-34,-40,-35,-29,-34,-31,-36,-36,-36,-32,-28,-33,-38,-38,-36,-37,-40,-29,-32,-26,null
7/6/2020,-33,-30,-40,-32,-40,-38,-37,-34,-51,-36,-38,-38,-32,-38,-34,-32,-33,-34,-33,-32,-40,-42,-37,-37,-32,-32,-27,-34,-38,-35,-40,-34,-40,-36,-30,-35,-32,-37,-37,-37,-33,-29,-34,-39,-38,-37,-38,-41,-29,-33,-27,null
7/7/2020,-34,-31,-40,-32,-40,-38,-37,-34,-51,-36,-38,-38,-32,-38,-34,-32,-34,-34,-33,-32,-40,-42,-37,-38,-32,-32,-28,-34,-38,-36,-40,-35,-41,-36,-30,-35,-32,-37,-37,-38,-34,-29,-34,-39,-38,-37,-38,-41,-30,-33,-28,null
7/8/2020,-33,-31,-40,-32,-40,-38,-37,-34,-51,-37,-38,-38,-32,-38,-34,-32,-34,-34,-34,-32,-40,-42,-37,-38,-32,-32,-28,-34,-38,-36,-40,-35,-41,-36,-30,-35,-32,-37,-37,-38,-34,-29,-34,-39,-38,-37,-38,-41,-30,-33,-28,null
7/9/2020,-33,-30,-40,-32,-40,-38,-37,-34,-52,-36,-38,-38,-32,-38,-33,-32,-33,-33,-33,-32,-40,-42,-37,-37,-32,-32,-28,-34,-38,-35,-40,-35,-41,-36,-29,-35,-32,-37,-37,-38,-33,-28,-34,-39,-38,-36,-38,-41,-30,-33,-27,null
7/10/2020,-29,-27,-38,-29,-38,-35,-34,-32,-50,-34,-35,-34,-29,-35,-29,-28,-30,-30,-31,-29,-37,-39,-33,-34,-29,-28,-25,-30,-36,-32,-38,-32,-39,-32,-25,-31,-29,-34,-34,-35,-30,-24,-30,-37,-35,-34,-35,-38,-27,-29,-24,null
7/11/2020,-27,-24,-36,-26,-36,-33,-31,-30,-49,-32,-33,-32,-26,-32,-26,-25,-27,-28,-29,-27,-35,-37,-30,-31,-26,-26,-22,-26,-35,-29,-35,-31,-36,-30,-22,-29,-27,-32,-32,-32,-28,-21,-28,-35,-33,-32,-33,-36,-25,-26,-22,null
7/12/2020,-26,-23,-36,-26,-35,-32,-31,-29,-49,-32,-32,-32,-26,-31,-25,-24,-26,-27,-28,-26,-35,-36,-29,-31,-26,-25,-21,-25,-34,-28,-35,-30,-36,-29,-21,-28,-26,-32,-31,-31,-27,-20,-27,-34,-32,-31,-33,-36,-25,-25,-21,null
7/13/2020,-26,-22,-36,-25,-35,-32,-30,-28,-49,-32,-32,-31,-25,-31,-25,-23,-26,-27,-28,-25,-34,-36,-28,-30,-25,-25,-21,-25,-34,-28,-34,-30,-35,-29,-20,-27,-26,-31,-31,-30,-26,-19,-27,-34,-32,-31,-32,-35,-24,-24,-21,null
7/14/2020,-25,-22,-35,-25,-35,-32,-30,-28,-48,-32,-32,-31,-25,-31,-25,-23,-26,-27,-28,-25,-34,-36,-28,-30,-25,-25,-21,-25,-34,-28,-34,-30,-35,-29,-20,-27,-26,-31,-30,-30,-26,-19,-27,-34,-32,-31,-32,-35,-24,-24,-21,null
7/15/2020,-25,-22,-35,-25,-35,-32,-30,-28,-48,-32,-32,-31,-25,-31,-24,-23,-26,-27,-28,-25,-34,-36,-28,-30,-25,-25,-21,-24,-34,-27,-34,-30,-35,-29,-20,-27,-26,-31,-30,-30,-26,-19,-27,-34,-32,-30,-32,-35,-24,-24,-20,null
7/16/2020,-25,-22,-35,-25,-35,-32,-30,-28,-48,-32,-32,-31,-25,-30,-24,-23,-26,-27,-28,-24,-34,-35,-28,-29,-25,-25,-21,-24,-34,-27,-34,-30,-35,-29,-20,-27,-25,-31,-30,-29,-26,-19,-27,-34,-32,-30,-32,-35,-24,-24,-20,null
7/17/2020,-25,-22,-35,-25,-35,-32,-29,-28,-48,-32,-32,-31,-26,-30,-24,-23,-26,-27,-28,-24,-34,-35,-27,-30,-25,-25,-21,-25,-35,-27,-33,-30,-35,-29,-20,-27,-25,-31,-30,-29,-26,-19,-27,-34,-32,-30,-32,-35,-24,-24,-20,null
7/18/2020,-26,-22,-35,-26,-36,-32,-29,-28,-48,-32,-32,-32,-26,-31,-24,-23,-26,-27,-28,-24,-34,-35,-28,-30,-25,-25,-21,-25,-35,-27,-33,-30,-35,-29,-21,-27,-26,-31,-30,-29,-26,-19,-27,-34,-32,-30,-32,-35,-24,-24,-20,null
7/19/2020,-26,-22,-35,-26,-36,-32,-30,-28,-48,-32,-32,-32,-26,-31,-25,-23,-26,-27,-28,-24,-35,-35,-28,-30,-25,-25,-22,-25,-35,-27,-33,-31,-35,-29,-21,-27,-26,-31,-30,-29,-26,-19,-27,-34,-32,-30,-33,-35,-25,-25,-20,null
7/20/2020,-26,-23,-35,-26,-36,-32,-30,-28,-49,-32,-32,-32,-26,-31,-25,-23,-26,-27,-28,-24,-35,-35,-28,-30,-25,-25,-22,-25,-35,-27,-34,-31,-35,-29,-21,-27,-26,-31,-30,-29,-26,-19,-27,-34,-32,-30,-33,-35,-25,-25,-20,null
7/21/2020,-26,-22,-35,-26,-36,-32,-30,-28,-49,-32,-32,-32,-26,-31,-25,-23,-26,-27,-29,-24,-35,-35,-28,-30,-25,-25,-22,-25,-35,-27,-34,-31,-35,-29,-21,-27,-26,-31,-31,-29,-27,-19,-27,-34,-32,-30,-33,-35,-25,-25,-21,null
7/22/2020,-26,-22,-35,-26,-36,-32,-30,-28,-49,-33,-32,-32,-26,-31,-25,-23,-26,-27,-28,-24,-35,-35,-28,-30,-25,-25,-22,-25,-35,-27,-34,-31,-35,-29,-20,-27,-26,-31,-31,-29,-27,-19,-27,-34,-32,-30,-33,-35,-25,-24,-21,null
7/23/2020,-26,-22,-35,-26,-36,-32,-30,-28,-49,-33,-32,-32,-26,-31,-25,-23,-26,-27,-28,-24,-35,-35,-28,-30,-25,-25,-22,-25,-35,-27,-34,-31,-35,-29,-20,-27,-26,-31,-31,-29,-27,-19,-27,-34,-33,-30,-33,-35,-25,-24,-21,null
7/24/2020,-26,-22,-35,-26,-36,-32,-30,-28,-49,-32,-32,-32,-26,-31,-25,-23,-26,-27,-28,-24,-35,-35,-28,-30,-25,-25,-22,-25,-35,-27,-34,-30,-35,-29,-20,-27,-26,-31,-31,-29,-26,-19,-27,-34,-35,-30,-33,-35,-24,-24,-21,null
7/25/2020,-26,-22,-35,-25,-36,-32,-30,-28,-49,-32,-32,-32,-26,-31,-24,-23,-26,-27,-29,-24,-35,-35,-28,-30,-26,-25,-22,-25,-35,-27,-34,-30,-35,-29,-21,-27,-26,-31,-31,-29,-26,-19,-27,-34,-35,-30,-33,-35,-25,-24,-21,null
7/26/2020,-26,-22,-35,-25,-36,-32,-30,-28,-49,-32,-32,-35,-26,-30,-24,-24,-26,-27,-29,-24,-35,-35,-28,-30,-26,-25,-22,-25,-34,-26,-33,-31,-34,-29,-21,-27,-26,-31,-30,-29,-26,-19,-27,-35,-35,-30,-33,-35,-25,-25,-21,null
7/27/2020,-26,-22,-35,-25,-36,-32,-30,-28,-49,-32,-32,-36,-26,-30,-24,-24,-26,-27,-29,-24,-35,-35,-28,-30,-26,-25,-22,-25,-34,-26,-33,-31,-34,-29,-21,-27,-26,-32,-30,-29,-26,-19,-26,-35,-35,-30,-33,-35,-25,-25,-21,null
7/28/2020,-26,-22,-35,-25,-36,-32,-30,-28,-49,-32,-32,-36,-26,-30,-24,-24,-26,-27,-29,-23,-34,-35,-28,-30,-26,-25,-22,-25,-34,-26,-33,-30,-34,-29,-21,-27,-26,-31,-30,-29,-26,-19,-26,-34,-35,-30,-32,-35,-25,-24,-21,null
7/29/2020,-26,-22,-35,-25,-36,-32,-30,-28,-49,-32,-32,-36,-26,-30,-24,-24,-26,-27,-29,-24,-35,-35,-28,-30,-26,-25,-22,-26,-34,-26,-33,-30,-35,-29,-21,-27,-26,-32,-30,-29,-26,-19,-26,-35,-35,-30,-33,-35,-25,-25,-21,null
7/30/2020,-26,-22,-35,-26,-36,-32,-30,-29,-49,-32,-32,-36,-26,-31,-24,-24,-26,-27,-29,-24,-35,-35,-28,-30,-26,-25,-22,-26,-34,-26,-33,-31,-35,-29,-21,-27,-26,-32,-30,-29,-26,-19,-26,-35,-35,-30,-33,-35,-25,-25,-21,null
7/31/2020,-26,-22,-35,-26,-36,-32,-30,-29,-49,-32,-32,-36,-26,-31,-25,-24,-26,-27,-29,-24,-35,-35,-28,-30,-26,-25,-22,-26,-35,-26,-34,-31,-35,-29,-21,-27,-26,-32,-30,-29,-27,-19,-27,-35,-33,-30,-33,-35,-25,-25,-21,null
8/1/2020,-26,-22,-35,-26,-36,-32,-30,-29,-49,-33,-32,-36,-26,-31,-25,-24,-26,-27,-29,-24,-35,-35,-28,-30,-26,-26,-22,-26,-34,-27,-34,-31,-35,-29,-21,-28,-26,-32,-31,-29,-27,-20,-27,-34,-33,-30,-33,-35,-25,-25,-21,null
8/2/2020,-26,-22,-35,-26,-36,-32,-31,-29,-49,-34,-32,-33,-26,-31,-25,-23,-26,-27,-29,-24,-35,-36,-29,-30,-26,-26,-22,-26,-34,-27,-34,-31,-35,-29,-21,-28,-26,-32,-31,-29,-27,-19,-27,-34,-32,-30,-33,-35,-25,-25,-21,null
8/3/2020,-26,-22,-35,-26,-36,-32,-31,-29,-49,-34,-32,-32,-26,-31,-25,-23,-26,-27,-28,-24,-35,-36,-28,-30,-25,-26,-22,-26,-34,-27,-34,-31,-35,-30,-21,-28,-26,-32,-31,-29,-27,-19,-27,-34,-32,-30,-33,-35,-25,-25,-21,null
8/4/2020,-25,-22,-35,-26,-36,-32,-31,-30,-50,-34,-32,-32,-26,-31,-25,-23,-26,-27,-28,-24,-36,-36,-29,-30,-25,-26,-22,-26,-34,-27,-35,-31,-36,-30,-21,-28,-26,-32,-32,-29,-27,-19,-27,-34,-32,-30,-34,-36,-25,-25,-21,null
8/5/2020,-25,-22,-35,-25,-36,-32,-33,-30,-50,-34,-32,-32,-26,-31,-25,-23,-26,-27,-28,-24,-36,-36,-28,-30,-25,-26,-22,-26,-34,-27,-35,-31,-36,-30,-21,-28,-25,-32,-32,-30,-27,-19,-27,-34,-32,-30,-34,-36,-25,-25,-20,null
8/6/2020,-25,-22,-35,-25,-36,-32,-33,-30,-50,-34,-32,-32,-26,-31,-24,-23,-26,-27,-28,-24,-36,-36,-28,-30,-25,-26,-22,-26,-34,-27,-35,-31,-36,-30,-21,-28,-25,-32,-32,-30,-27,-19,-26,-33,-32,-31,-34,-36,-25,-25,-20,null
8/7/2020,-25,-23,-35,-25,-36,-32,-34,-30,-49,-33,-31,-32,-26,-30,-24,-23,-26,-27,-28,-24,-36,-36,-28,-30,-25,-26,-22,-26,-34,-27,-35,-30,-36,-30,-21,-28,-25,-32,-32,-30,-27,-19,-26,-33,-32,-31,-34,-36,-25,-25,-20,null
8/8/2020,-25,-23,-35,-25,-36,-32,-34,-30,-50,-33,-31,-32,-26,-30,-24,-23,-26,-26,-28,-24,-36,-36,-28,-30,-25,-25,-22,-25,-34,-27,-35,-30,-36,-30,-21,-27,-25,-32,-32,-30,-27,-19,-26,-33,-32,-31,-34,-36,-25,-25,-20,null
8/9/2020,-25,-23,-35,-25,-36,-32,-33,-30,-50,-32,-31,-33,-26,-30,-23,-24,-26,-26,-28,-24,-36,-35,-28,-30,-25,-26,-22,-25,-34,-27,-35,-30,-35,-30,-21,-27,-25,-32,-31,-30,-26,-19,-26,-33,-32,-31,-34,-36,-25,-25,-20,null
8/10/2020,-25,-23,-35,-25,-36,-32,-33,-30,-50,-32,-31,-33,-26,-30,-23,-24,-26,-26,-28,-24,-36,-36,-28,-30,-25,-26,-22,-25,-34,-27,-35,-30,-35,-30,-21,-27,-25,-32,-31,-31,-26,-19,-26,-33,-32,-31,-34,-36,-25,-25,-20,null
8/11/2020,-25,-23,-35,-25,-36,-32,-33,-29,-49,-32,-31,-33,-26,-31,-23,-25,-26,-26,-28,-24,-35,-35,-28,-30,-25,-26,-22,-25,-34,-27,-34,-30,-35,-29,-21,-27,-25,-32,-31,-31,-26,-19,-26,-33,-32,-30,-33,-36,-25,-25,-21,null
8/12/2020,-25,-23,-35,-25,-36,-32,-32,-29,-49,-32,-31,-33,-26,-31,-23,-26,-26,-26,-28,-24,-35,-35,-28,-30,-25,-26,-22,-25,-34,-27,-33,-30,-35,-29,-21,-27,-25,-32,-31,-31,-26,-20,-26,-33,-32,-30,-33,-36,-25,-25,-21,null
8/13/2020,-25,-23,-35,-25,-36,-32,-31,-29,-49,-32,-31,-34,-26,-31,-23,-27,-26,-26,-28,-24,-35,-35,-28,-30,-25,-25,-22,-25,-34,-27,-33,-31,-35,-29,-21,-27,-25,-32,-31,-31,-26,-20,-26,-33,-32,-30,-33,-36,-25,-25,-21,null
8/14/2020,-25,-23,-35,-25,-36,-32,-31,-29,-49,-32,-31,-34,-26,-31,-23,-27,-26,-26,-28,-24,-35,-35,-28,-30,-25,-25,-22,-25,-34,-27,-33,-31,-35,-29,-21,-27,-25,-32,-31,-31,-26,-20,-26,-33,-32,-30,-33,-36,-24,-25,-21,null
8/15/2020,-25,-23,-35,-25,-37,-32,-31,-29,-50,-32,-31,-34,-26,-31,-24,-27,-26,-26,-28,-24,-35,-36,-28,-30,-25,-25,-22,-25,-34,-27,-33,-31,-35,-29,-21,-27,-25,-32,-31,-31,-26,-20,-26,-33,-32,-30,-33,-36,-25,-25,-21,null
8/16/2020,-25,-23,-35,-25,-37,-32,-31,-30,-50,-32,-31,-34,-26,-31,-24,-27,-26,-27,-28,-24,-36,-36,-29,-30,-25,-25,-22,-25,-34,-27,-34,-31,-35,-29,-21,-27,-25,-32,-31,-32,-26,-20,-26,-33,-32,-30,-34,-36,-25,-25,-21,null
8/17/2020,-25,-23,-35,-25,-37,-32,-31,-30,-50,-32,-31,-34,-26,-31,-24,-26,-26,-27,-28,-24,-36,-36,-28,-30,-25,-25,-22,-25,-34,-27,-34,-31,-35,-29,-21,-27,-25,-32,-31,-30,-26,-20,-26,-33,-32,-30,-34,-36,-25,-25,-21,null
8/18/2020,-25,-23,-35,-25,-37,-32,-31,-29,-50,-32,-31,-34,-26,-30,-23,-25,-26,-26,-27,-24,-35,-36,-28,-30,-24,-25,-22,-24,-34,-27,-34,-31,-35,-29,-21,-27,-25,-32,-31,-30,-26,-20,-26,-33,-32,-30,-33,-36,-24,-24,-21,null
8/19/2020,-24,-22,-35,-25,-37,-32,-31,-29,-50,-32,-31,-34,-26,-30,-23,-24,-26,-26,-27,-24,-35,-36,-28,-29,-24,-25,-22,-24,-34,-26,-34,-30,-35,-29,-21,-27,-25,-32,-31,-30,-26,-20,-26,-33,-32,-30,-33,-36,-24,-24,-20,null
8/20/2020,-24,-22,-34,-25,-37,-32,-31,-29,-50,-32,-30,-35,-25,-30,-23,-23,-25,-26,-27,-23,-35,-36,-28,-29,-24,-25,-21,-24,-34,-26,-34,-30,-35,-29,-21,-26,-24,-32,-31,-29,-26,-19,-26,-33,-32,-30,-33,-36,-24,-24,-20,null
8/21/2020,-24,-22,-34,-24,-36,-32,-31,-29,-50,-32,-30,-36,-25,-30,-22,-23,-25,-26,-27,-23,-35,-36,-28,-29,-23,-24,-21,-23,-34,-26,-34,-30,-35,-29,-20,-26,-24,-32,-31,-29,-26,-19,-25,-32,-32,-30,-33,-36,-24,-24,-20,null
8/22/2020,-24,-22,-34,-24,-36,-31,-30,-29,-49,-32,-30,-36,-25,-29,-22,-23,-25,-25,-26,-23,-35,-35,-27,-29,-23,-24,-21,-23,-33,-26,-34,-30,-35,-28,-20,-26,-24,-32,-30,-29,-25,-19,-25,-32,-31,-29,-32,-35,-23,-24,-20,null
8/23/2020,-24,-22,-34,-24,-36,-31,-30,-28,-49,-32,-30,-37,-25,-29,-22,-22,-25,-25,-25,-23,-34,-35,-27,-29,-22,-24,-21,-23,-33,-25,-33,-30,-34,-28,-20,-26,-24,-31,-30,-28,-25,-19,-25,-32,-31,-29,-32,-35,-23,-23,-19,null
8/24/2020,-23,-22,-34,-23,-36,-31,-30,-28,-49,-31,-29,-37,-24,-29,-22,-22,-24,-25,-27,-23,-34,-35,-27,-29,-23,-24,-20,-23,-33,-25,-33,-30,-34,-28,-20,-25,-23,-31,-30,-28,-25,-19,-25,-32,-31,-29,-32,-35,-23,-23,-19,null
8/25/2020,-23,-22,-34,-23,-36,-31,-30,-28,-49,-31,-30,-37,-24,-29,-22,-22,-24,-25,-28,-22,-35,-35,-27,-29,-23,-24,-20,-23,-33,-25,-33,-30,-34,-28,-20,-25,-23,-31,-30,-28,-25,-19,-25,-32,-31,-29,-32,-35,-23,-23,-19,null
8/26/2020,-23,-21,-34,-23,-36,-31,-29,-27,-49,-31,-29,-37,-24,-29,-22,-22,-24,-25,-29,-22,-34,-34,-27,-29,-22,-24,-20,-22,-33,-25,-33,-30,-34,-27,-20,-25,-23,-31,-30,-28,-25,-18,-24,-32,-31,-29,-32,-35,-23,-23,-19,null
8/27/2020,-23,-21,-34,-23,-35,-31,-29,-27,-49,-31,-29,-37,-24,-29,-21,-21,-24,-25,-34,-22,-34,-34,-27,-29,-22,-23,-20,-22,-33,-25,-33,-29,-34,-27,-20,-25,-23,-31,-30,-28,-24,-18,-24,-32,-30,-28,-32,-35,-23,-23,-19,null
8/28/2020,-23,-21,-33,-23,-35,-30,-29,-27,-49,-30,-29,-36,-23,-29,-21,-21,-24,-25,-35,-21,-34,-34,-27,-29,-22,-23,-19,-21,-33,-25,-33,-29,-34,-27,-20,-25,-23,-31,-29,-27,-24,-18,-24,-32,-30,-28,-31,-34,-23,-23,-18,null
8/29/2020,-23,-21,-33,-23,-35,-30,-30,-27,-50,-31,-29,-37,-23,-29,-21,-21,-24,-25,-36,-22,-34,-35,-27,-29,-22,-23,-19,-21,-32,-25,-33,-29,-34,-27,-20,-25,-23,-31,-30,-28,-24,-18,-24,-32,-30,-28,-32,-34,-23,-23,-18,null
8/30/2020,-23,-20,-33,-23,-35,-30,-29,-27,-49,-31,-29,-38,-23,-28,-22,-21,-23,-25,-37,-22,-34,-34,-26,-29,-22,-23,-19,-21,-32,-25,-33,-29,-34,-27,-20,-25,-23,-30,-29,-27,-24,-18,-24,-32,-30,-28,-31,-34,-23,-23,-18,null
8/31/2020,-23,-20,-33,-23,-35,-30,-29,-27,-50,-31,-29,-38,-23,-28,-21,-20,-23,-25,-36,-22,-34,-34,-26,-29,-22,-23,-19,-21,-32,-25,-33,-29,-34,-27,-20,-24,-22,-30,-29,-27,-24,-18,-24,-32,-30,-28,-31,-34,-23,-23,-18,null
9/1/2020,-23,-20,-33,-23,-35,-30,-29,-27,-50,-30,-28,-39,-23,-28,-21,-20,-23,-24,-36,-22,-34,-34,-26,-28,-21,-23,-18,-21,-32,-25,-33,-29,-34,-27,-20,-24,-22,-30,-29,-27,-24,-17,-24,-32,-30,-27,-31,-34,-22,-23,-18,null
9/2/2020,-23,-20,-33,-23,-35,-30,-29,-27,-50,-30,-28,-39,-23,-28,-21,-20,-23,-24,-34,-22,-34,-34,-26,-28,-21,-23,-18,-21,-32,-25,-33,-29,-34,-27,-20,-24,-22,-30,-29,-27,-24,-18,-24,-32,-29,-27,-31,-34,-22,-23,-18,null
9/3/2020,-23,-20,-33,-23,-35,-30,-29,-27,-50,-30,-28,-39,-23,-28,-21,-20,-23,-24,-30,-22,-34,-34,-26,-28,-21,-23,-18,-21,-32,-24,-33,-29,-34,-27,-20,-24,-23,-30,-29,-27,-24,-18,-24,-31,-29,-27,-32,-34,-23,-23,-18,null
9/4/2020,-23,-21,-33,-23,-35,-30,-29,-28,-50,-31,-29,-40,-23,-28,-22,-20,-24,-25,-29,-22,-34,-34,-26,-29,-21,-23,-19,-21,-32,-25,-33,-29,-34,-27,-20,-24,-23,-31,-29,-27,-24,-18,-24,-31,-30,-27,-32,-34,-23,-23,-19,null
9/5/2020,-24,-22,-34,-24,-36,-31,-29,-27,-49,-31,-30,-40,-24,-29,-23,-22,-25,-26,-29,-22,-34,-34,-27,-29,-22,-24,-19,-22,-33,-25,-33,-30,-34,-28,-21,-25,-24,-31,-29,-27,-25,-19,-25,-32,-31,-27,-32,-35,-23,-24,-19,null
9/6/2020,-25,-22,-34,-24,-36,-31,-29,-27,-49,-31,-30,-40,-25,-30,-24,-23,-25,-27,-29,-22,-35,-34,-28,-30,-23,-25,-20,-23,-33,-25,-33,-30,-34,-28,-22,-26,-24,-32,-30,-28,-26,-20,-25,-32,-31,-28,-33,-35,-24,-25,-20,null
9/7/2020,-31,-28,-39,-30,-41,-36,-35,-32,-51,-36,-35,-45,-31,-35,-31,-29,-32,-32,-34,-27,-39,-39,-34,-35,-29,-31,-27,-30,-37,-31,-38,-35,-38,-34,-28,-32,-30,-36,-35,-33,-31,-27,-31,-37,-37,-33,-37,-39,-28,-31,-26,null
9/8/2020,-31,-28,-39,-30,-41,-37,-35,-33,-52,-36,-36,-45,-31,-36,-31,-30,-32,-32,-34,-27,-39,-39,-35,-35,-29,-31,-27,-31,-37,-31,-38,-35,-38,-34,-29,-33,-30,-37,-35,-33,-31,-28,-32,-37,-38,-33,-37,-40,-29,-31,-27,null
9/9/2020,-31,-28,-39,-30,-41,-37,-34,-33,-52,-36,-36,-45,-31,-36,-31,-30,-32,-32,-34,-27,-39,-39,-35,-35,-29,-31,-27,-31,-37,-31,-38,-36,-38,-34,-28,-32,-30,-38,-35,-33,-31,-27,-32,-37,-38,-33,-38,-40,-29,-31,-27,null
9/10/2020,-31,-28,-39,-30,-41,-37,-34,-33,-52,-36,-35,-45,-31,-36,-31,-30,-32,-32,-34,-27,-39,-39,-35,-35,-29,-31,-26,-31,-37,-30,-38,-36,-38,-34,-28,-32,-30,-38,-35,-33,-31,-27,-32,-37,-38,-33,-38,-40,-29,-31,-27,null
9/11/2020,-30,-27,-38,-30,-41,-37,-34,-33,-52,-36,-35,-45,-30,-35,-31,-30,-31,-32,-33,-27,-39,-38,-34,-35,-29,-30,-26,-30,-37,-30,-38,-35,-38,-34,-28,-32,-30,-39,-35,-33,-31,-26,-31,-36,-37,-32,-37,-39,-28,-31,-27,null
9/12/2020,-30,-26,-38,-29,-40,-36,-33,-32,-51,-35,-34,-45,-30,-35,-29,-28,-30,-31,-33,-26,-38,-38,-32,-34,-28,-29,-25,-28,-36,-29,-37,-35,-37,-33,-28,-31,-29,-40,-34,-32,-30,-25,-30,-36,-36,-31,-37,-39,-28,-30,-26,null
9/13/2020,-29,-26,-37,-28,-39,-35,-33,-32,-52,-35,-34,-45,-29,-34,-28,-27,-29,-30,-32,-26,-38,-38,-31,-34,-28,-29,-24,-27,-36,-29,-37,-34,-37,-33,-27,-30,-29,-41,-34,-32,-30,-24,-30,-35,-35,-31,-36,-40,-28,-29,-26,null
9/14/2020,-23,-19,-32,-22,-34,-30,-27,-27,-49,-30,-28,-40,-23,-28,-21,-20,-22,-24,-27,-20,-34,-33,-25,-28,-21,-23,-17,-20,-32,-22,-32,-29,-32,-27,-20,-24,-22,-37,-28,-26,-24,-17,-24,-30,-29,-25,-31,-35,-22,-22,-19,null
9/15/2020,-23,-19,-32,-21,-34,-29,-26,-27,-49,-29,-27,-39,-22,-27,-20,-19,-21,-24,-27,-19,-33,-32,-24,-27,-22,-22,-17,-19,-31,-21,-31,-29,-32,-26,-19,-23,-21,-37,-28,-26,-23,-16,-23,-29,-28,-24,-30,-35,-22,-21,-17,null
9/16/2020,-25,-18,-32,-21,-34,-28,-26,-26,-48,-30,-27,-39,-21,-27,-20,-19,-21,-24,-27,-19,-33,-32,-24,-27,-23,-22,-16,-19,-31,-21,-31,-28,-31,-26,-19,-22,-21,-36,-27,-26,-23,-16,-23,-29,-27,-24,-30,-35,-21,-21,-17,null
9/17/2020,-26,-18,-31,-20,-33,-28,-26,-26,-48,-29,-27,-39,-21,-27,-20,-19,-21,-23,-26,-18,-32,-32,-23,-27,-23,-21,-16,-18,-30,-21,-30,-28,-31,-26,-19,-22,-21,-36,-27,-25,-23,-16,-22,-28,-27,-23,-30,-35,-21,-21,-16,null
9/18/2020,-26,-18,-31,-20,-33,-28,-25,-26,-48,-29,-27,-39,-21,-26,-19,-18,-20,-23,-26,-18,-32,-31,-23,-26,-22,-21,-16,-18,-30,-20,-30,-28,-30,-26,-19,-22,-20,-35,-27,-25,-23,-15,-22,-28,-27,-23,-30,-35,-21,-21,-16,null
9/19/2020,-26,-18,-31,-20,-33,-28,-25,-26,-48,-29,-27,-38,-21,-26,-19,-18,-20,-23,-26,-18,-32,-32,-23,-26,-22,-21,-16,-19,-30,-20,-30,-28,-31,-26,-19,-22,-20,-33,-27,-25,-23,-16,-22,-28,-27,-23,-30,-34,-20,-20,-16,null
9/20/2020,-25,-18,-31,-20,-33,-28,-25,-26,-48,-29,-27,-38,-21,-26,-19,-18,-20,-23,-26,-18,-32,-32,-23,-26,-22,-21,-16,-19,-30,-20,-31,-28,-31,-26,-19,-22,-20,-31,-27,-25,-22,-16,-22,-28,-27,-23,-30,-33,-20,-20,-16,null
9/21/2020,-25,-18,-31,-20,-33,-28,-26,-26,-48,-29,-27,-38,-21,-26,-19,-18,-21,-23,-26,-18,-32,-32,-23,-26,-22,-21,-16,-19,-30,-20,-31,-28,-31,-26,-19,-22,-21,-30,-27,-25,-23,-16,-22,-28,-27,-24,-30,-33,-20,-21,-16,null
9/22/2020,-25,-18,-31,-21,-33,-29,-26,-26,-48,-29,-27,-38,-21,-26,-19,-19,-21,-23,-24,-19,-32,-32,-24,-26,-20,-21,-17,-19,-30,-20,-31,-28,-31,-26,-19,-22,-21,-30,-27,-26,-23,-16,-22,-29,-27,-24,-30,-33,-20,-21,-16,null
9/23/2020,-23,-18,-31,-21,-33,-28,-25,-26,-48,-29,-27,-38,-21,-26,-19,-18,-21,-23,-24,-18,-32,-32,-23,-26,-19,-21,-16,-19,-30,-20,-31,-28,-31,-26,-19,-22,-21,-29,-27,-25,-22,-16,-22,-29,-27,-24,-30,-32,-20,-21,-16,null
9/24/2020,-22,-18,-31,-21,-33,-28,-25,-26,-48,-28,-27,-38,-20,-26,-19,-18,-20,-23,-24,-18,-32,-32,-23,-26,-19,-21,-16,-19,-30,-20,-31,-28,-31,-25,-19,-21,-20,-29,-26,-25,-22,-15,-22,-29,-27,-23,-29,-32,-20,-21,-16,null
9/25/2020,-21,-17,-31,-20,-33,-28,-25,-25,-48,-28,-27,-37,-20,-26,-19,-18,-20,-23,-24,-18,-32,-31,-23,-26,-19,-21,-16,-19,-30,-20,-30,-28,-30,-26,-18,-21,-20,-28,-26,-25,-22,-15,-22,-29,-27,-23,-29,-32,-20,-20,-16,null
9/26/2020,-21,-17,-31,-20,-33,-28,-25,-25,-47,-28,-27,-36,-20,-25,-19,-18,-20,-23,-23,-17,-32,-31,-23,-26,-18,-21,-16,-19,-30,-20,-30,-27,-30,-25,-18,-21,-20,-28,-26,-25,-21,-15,-21,-29,-27,-23,-29,-32,-19,-20,-15,null
9/27/2020,-21,-17,-31,-20,-33,-28,-25,-25,-47,-28,-26,-36,-20,-25,-19,-18,-20,-22,-23,-17,-32,-31,-23,-26,-18,-21,-16,-19,-29,-19,-30,-27,-30,-25,-18,-21,-20,-28,-26,-25,-21,-15,-21,-28,-27,-22,-29,-32,-19,-20,-15,null
9/28/2020,-20,-16,-30,-20,-32,-28,-25,-25,-47,-28,-26,-35,-19,-25,-19,-17,-20,-22,-22,-17,-32,-31,-23,-25,-18,-20,-16,-18,-29,-19,-30,-27,-30,-25,-18,-21,-20,-28,-26,-25,-21,-14,-21,-28,-26,-22,-29,-31,-19,-20,-15,null
9/29/2020,-20,-16,-30,-19,-32,-27,-24,-25,-47,-27,-26,-35,-19,-25,-19,-17,-20,-22,-22,-16,-32,-30,-22,-25,-18,-20,-15,-18,-29,-19,-30,-27,-30,-25,-18,-21,-19,-28,-25,-24,-21,-14,-21,-27,-26,-22,-28,-31,-19,-20,-15,null
9/30/2020,-20,-16,-30,-19,-32,-27,-24,-25,-47,-27,-26,-35,-19,-25,-19,-17,-20,-22,-22,-17,-32,-31,-23,-25,-18,-20,-15,-18,-29,-19,-30,-27,-30,-25,-18,-21,-19,-28,-25,-24,-21,-14,-21,-27,-26,-22,-28,-31,-19,-20,-15,null
10/1/2020,-20,-16,-30,-19,-32,-27,-24,-25,-47,-27,-25,-34,-19,-25,-19,-17,-20,-21,-21,-17,-31,-30,-22,-25,-17,-20,-15,-18,-29,-19,-30,-27,-30,-25,-18,-21,-19,-27,-25,-24,-21,-14,-20,-26,-26,-21,-28,-31,-18,-20,-15,null
10/2/2020,-20,-16,-30,-19,-32,-27,-24,-25,-47,-27,-25,-34,-20,-25,-19,-17,-19,-21,-21,-17,-31,-30,-22,-25,-17,-20,-15,-17,-29,-19,-30,-27,-30,-24,-18,-21,-19,-27,-25,-24,-21,-14,-20,-26,-25,-21,-28,-30,-18,-20,-15,null
10/3/2020,-20,-17,-30,-19,-32,-27,-24,-24,-47,-27,-25,-34,-20,-25,-19,-17,-20,-22,-21,-17,-31,-30,-23,-25,-18,-20,-15,-18,-29,-19,-30,-27,-30,-25,-18,-21,-19,-27,-25,-24,-21,-14,-21,-26,-26,-22,-28,-31,-18,-20,-15,null
10/4/2020,-20,-17,-30,-19,-32,-27,-24,-24,-46,-27,-25,-34,-20,-26,-19,-17,-20,-22,-22,-17,-31,-30,-23,-25,-18,-20,-16,-18,-29,-19,-30,-27,-30,-25,-19,-21,-19,-27,-25,-24,-21,-15,-21,-27,-26,-22,-28,-31,-18,-21,-15,null
10/5/2020,-20,-17,-31,-20,-32,-27,-24,-25,-46,-27,-25,-35,-21,-25,-19,-17,-20,-23,-22,-17,-31,-30,-23,-26,-18,-20,-16,-18,-29,-19,-30,-27,-30,-25,-19,-21,-19,-27,-25,-23,-21,-15,-21,-27,-26,-22,-28,-31,-19,-21,-15,null
10/6/2020,-20,-18,-31,-20,-32,-27,-24,-25,-46,-27,-25,-35,-21,-26,-20,-17,-20,-23,-22,-17,-31,-30,-23,-26,-18,-20,-16,-18,-29,-19,-30,-28,-30,-25,-19,-21,-20,-27,-25,-24,-21,-15,-22,-27,-27,-22,-28,-31,-19,-21,-15,null
10/7/2020,-20,-17,-31,-20,-32,-27,-24,-24,-46,-27,-25,-36,-20,-25,-20,-17,-19,-23,-22,-17,-31,-30,-23,-26,-18,-20,-16,-18,-29,-19,-30,-27,-30,-25,-19,-21,-19,-27,-25,-23,-21,-15,-22,-27,-27,-22,-28,-31,-18,-21,-15,null
10/8/2020,-21,-18,-31,-20,-32,-27,-24,-24,-46,-27,-25,-36,-20,-26,-20,-17,-19,-24,-22,-17,-31,-30,-23,-26,-19,-20,-16,-18,-29,-19,-30,-28,-30,-25,-19,-21,-19,-28,-25,-23,-21,-15,-23,-27,-27,-22,-28,-31,-18,-21,-15,null
10/9/2020,-21,-18,-32,-20,-32,-28,-24,-25,-47,-27,-26,-37,-20,-26,-20,-17,-20,-24,-26,-17,-31,-30,-23,-26,-19,-20,-16,-19,-30,-19,-30,-28,-30,-25,-19,-21,-20,-28,-25,-24,-21,-15,-23,-27,-27,-22,-29,-31,-19,-21,-15,null
10/10/2020,-21,-18,-32,-20,-32,-27,-24,-25,-47,-27,-26,-37,-21,-26,-20,-16,-20,-24,-28,-17,-31,-30,-23,-25,-20,-20,-16,-18,-30,-19,-30,-28,-30,-25,-18,-21,-20,-28,-25,-24,-21,-15,-24,-27,-26,-22,-29,-31,-19,-21,-15,null
10/11/2020,-21,-18,-31,-19,-32,-27,-24,-25,-47,-27,-26,-37,-21,-25,-20,-16,-19,-24,-28,-17,-31,-30,-22,-25,-19,-20,-17,-18,-29,-19,-30,-28,-30,-25,-18,-21,-19,-28,-25,-24,-21,-15,-24,-27,-26,-22,-29,-31,-19,-21,-15,null
10/12/2020,-22,-19,-32,-19,-32,-28,-26,-26,-49,-27,-27,-38,-21,-26,-20,-17,-20,-24,-29,-19,-32,-33,-22,-25,-20,-20,-18,-19,-30,-22,-31,-29,-32,-26,-19,-21,-20,-28,-26,-28,-21,-17,-24,-28,-26,-23,-30,-32,-19,-21,-15,null
10/13/2020,-22,-19,-32,-19,-32,-28,-26,-25,-49,-27,-27,-37,-21,-26,-20,-17,-20,-23,-29,-19,-32,-33,-22,-25,-20,-20,-18,-19,-29,-22,-31,-29,-32,-26,-19,-21,-20,-28,-26,-29,-21,-17,-24,-28,-26,-23,-30,-32,-19,-21,-15,null
10/14/2020,-22,-19,-31,-19,-32,-28,-26,-25,-49,-27,-27,-37,-21,-26,-20,-16,-20,-23,-29,-19,-32,-33,-22,-25,-20,-20,-18,-19,-29,-22,-31,-29,-31,-26,-18,-21,-20,-28,-26,-29,-21,-17,-24,-28,-26,-23,-30,-32,-19,-21,-15,null
10/15/2020,-22,-19,-31,-19,-32,-28,-26,-25,-49,-27,-27,-36,-21,-26,-21,-16,-20,-23,-28,-19,-32,-33,-22,-26,-20,-20,-19,-19,-29,-22,-30,-29,-31,-25,-18,-21,-21,-28,-26,-28,-21,-17,-24,-27,-27,-23,-29,-32,-19,-21,-15,null
10/16/2020,-21,-19,-31,-19,-32,-28,-26,-25,-49,-27,-27,-35,-21,-26,-21,-16,-20,-22,-25,-19,-32,-33,-22,-27,-20,-20,-20,-20,-29,-21,-31,-29,-31,-25,-18,-21,-22,-28,-26,-28,-21,-16,-24,-27,-28,-23,-29,-31,-19,-21,-16,null
10/17/2020,-21,-19,-31,-19,-32,-29,-26,-25,-49,-27,-27,-35,-21,-26,-21,-17,-20,-22,-23,-19,-32,-33,-23,-28,-19,-20,-21,-20,-29,-22,-31,-29,-31,-25,-18,-21,-22,-28,-26,-28,-21,-17,-24,-27,-29,-23,-29,-31,-19,-21,-17,null
10/18/2020,-21,-19,-31,-19,-32,-29,-26,-25,-48,-27,-26,-35,-21,-27,-22,-17,-20,-22,-23,-19,-32,-33,-23,-28,-19,-21,-21,-20,-29,-22,-30,-29,-31,-25,-18,-21,-23,-27,-26,-28,-21,-17,-24,-27,-29,-23,-29,-31,-19,-21,-17,null
10/19/2020,-19,-19,-30,-19,-32,-28,-24,-24,-47,-27,-25,-34,-20,-26,-21,-17,-20,-22,-22,-17,-31,-31,-23,-28,-18,-20,-20,-19,-28,-19,-29,-28,-29,-24,-18,-21,-22,-27,-25,-24,-20,-15,-23,-26,-29,-22,-28,-31,-18,-21,-16,null
10/20/2020,-19,-19,-30,-19,-32,-28,-24,-24,-47,-26,-25,-34,-20,-26,-21,-17,-20,-22,-21,-17,-30,-30,-23,-28,-17,-20,-20,-19,-28,-19,-29,-28,-29,-24,-18,-21,-22,-27,-25,-24,-20,-15,-22,-26,-29,-22,-28,-31,-18,-21,-16,null
10/21/2020,-19,-19,-29,-19,-32,-28,-24,-24,-47,-26,-25,-34,-20,-26,-21,-17,-20,-22,-21,-17,-30,-30,-23,-28,-17,-20,-20,-19,-28,-19,-29,-28,-29,-24,-18,-21,-22,-27,-25,-24,-20,-15,-22,-26,-29,-22,-28,-31,-18,-21,-16,null
10/22/2020,-19,-19,-29,-19,-32,-28,-24,-24,-47,-26,-25,-34,-20,-26,-21,-17,-19,-22,-21,-16,-30,-30,-23,-27,-17,-20,-19,-19,-28,-19,-29,-28,-29,-24,-19,-21,-21,-27,-25,-24,-20,-15,-21,-26,-28,-21,-28,-31,-17,-21,-16,null
10/23/2020,-19,-19,-29,-19,-32,-28,-23,-24,-46,-26,-24,-34,-20,-26,-21,-16,-19,-21,-21,-16,-30,-30,-23,-27,-17,-20,-18,-19,-28,-19,-28,-28,-28,-24,-21,-21,-19,-27,-24,-24,-20,-15,-20,-26,-27,-21,-28,-31,-17,-21,-16,null
10/24/2020,-19,-19,-29,-19,-32,-28,-23,-24,-46,-26,-24,-33,-20,-26,-21,-16,-19,-21,-21,-16,-30,-30,-23,-26,-18,-20,-19,-19,-28,-19,-28,-28,-28,-24,-21,-21,-19,-27,-24,-24,-20,-15,-20,-26,-27,-21,-27,-31,-17,-21,-16,null
10/25/2020,-20,-19,-29,-19,-32,-29,-23,-24,-47,-26,-24,-33,-20,-26,-20,-16,-19,-21,-21,-16,-31,-30,-22,-26,-18,-20,-19,-19,-28,-19,-29,-28,-28,-24,-21,-21,-19,-27,-25,-24,-20,-16,-20,-26,-27,-21,-28,-31,-18,-21,-17,null
10/26/2020,-19,-18,-29,-19,-32,-31,-23,-24,-47,-26,-24,-33,-20,-26,-20,-16,-20,-21,-21,-16,-31,-30,-22,-26,-18,-20,-19,-19,-28,-19,-29,-29,-28,-24,-21,-20,-19,-27,-25,-24,-20,-16,-20,-26,-27,-21,-28,-31,-18,-21,-17,null
10/27/2020,-19,-19,-28,-19,-32,-31,-23,-24,-47,-26,-24,-33,-20,-26,-20,-16,-20,-21,-21,-16,-31,-30,-23,-26,-18,-20,-20,-19,-28,-19,-29,-31,-28,-24,-21,-20,-22,-27,-25,-24,-20,-16,-20,-26,-26,-21,-28,-31,-18,-21,-17,null
10/28/2020,-20,-19,-28,-19,-32,-32,-23,-24,-47,-26,-24,-33,-20,-26,-20,-16,-20,-21,-23,-16,-31,-30,-23,-26,-18,-20,-20,-19,-28,-19,-29,-32,-28,-24,-21,-20,-24,-27,-25,-24,-20,-16,-20,-26,-26,-21,-28,-31,-18,-21,-17,null
10/29/2020,-21,-19,-28,-19,-32,-31,-24,-25,-48,-26,-26,-33,-20,-26,-19,-16,-20,-22,-24,-16,-31,-30,-23,-25,-20,-20,-20,-19,-28,-19,-29,-32,-28,-24,-19,-20,-25,-27,-25,-24,-21,-16,-20,-26,-26,-21,-28,-31,-18,-21,-17,null
10/30/2020,-21,-19,-28,-19,-32,-31,-24,-25,-48,-26,-26,-33,-20,-26,-19,-16,-20,-22,-25,-16,-31,-31,-23,-25,-21,-20,-19,-19,-29,-19,-29,-32,-29,-24,-18,-20,-26,-27,-25,-25,-21,-16,-20,-26,-25,-22,-28,-30,-18,-21,-17,null
10/31/2020,-21,-19,-28,-19,-32,-31,-24,-25,-47,-26,-26,-32,-20,-26,-19,-16,-20,-22,-25,-16,-31,-31,-23,-25,-21,-20,-18,-19,-29,-20,-30,-32,-29,-24,-18,-20,-25,-27,-25,-25,-21,-15,-20,-26,-25,-22,-28,-30,-18,-21,-17,null
11/1/2020,-21,-19,-28,-19,-32,-30,-25,-25,-47,-26,-25,-32,-20,-27,-19,-16,-20,-22,-25,-17,-31,-32,-23,-25,-21,-20,-17,-18,-29,-20,-30,-32,-29,-24,-18,-21,-25,-27,-25,-25,-20,-14,-20,-26,-25,-22,-28,-30,-18,-22,-16,null
11/2/2020,-21,-20,-28,-19,-31,-27,-25,-25,-47,-25,-25,-33,-20,-27,-19,-16,-19,-22,-25,-17,-31,-32,-24,-25,-21,-20,-17,-18,-29,-20,-30,-31,-29,-24,-18,-21,-24,-27,-25,-25,-21,-14,-20,-26,-25,-22,-28,-30,-18,-22,-15,null
11/3/2020,-21,-20,-28,-18,-31,-27,-25,-26,-47,-26,-26,-34,-20,-28,-20,-16,-19,-23,-27,-18,-32,-32,-24,-25,-21,-20,-17,-19,-29,-21,-31,-29,-30,-24,-18,-21,-21,-27,-26,-26,-22,-15,-21,-26,-25,-23,-28,-30,-19,-22,-15,null
11/4/2020,-21,-20,-28,-18,-31,-27,-25,-27,-48,-26,-26,-34,-20,-28,-20,-17,-19,-23,-25,-18,-32,-32,-24,-26,-20,-20,-17,-19,-29,-21,-31,-29,-30,-24,-19,-21,-19,-27,-26,-26,-22,-15,-20,-26,-25,-23,-29,-30,-19,-22,-16,null
11/5/2020,-19,-20,-28,-18,-31,-28,-25,-26,-47,-26,-25,-34,-20,-28,-20,-17,-19,-22,-23,-18,-31,-32,-24,-26,-19,-20,-17,-19,-29,-21,-31,-29,-30,-24,-19,-21,-18,-27,-26,-26,-21,-15,-20,-25,-25,-22,-28,-30,-19,-22,-16,null
11/6/2020,-18,-21,-28,-18,-31,-28,-25,-26,-47,-25,-24,-34,-20,-28,-20,-17,-19,-22,-22,-18,-31,-31,-24,-26,-18,-20,-18,-20,-28,-20,-32,-29,-29,-24,-19,-21,-18,-27,-25,-25,-21,-15,-20,-25,-25,-22,-28,-30,-19,-22,-16,null
11/7/2020,-18,-21,-28,-18,-32,-28,-25,-26,-47,-25,-24,-34,-20,-28,-20,-17,-19,-22,-22,-18,-31,-31,-24,-27,-17,-20,-18,-20,-28,-20,-31,-29,-29,-24,-20,-21,-18,-27,-25,-25,-20,-15,-20,-25,-25,-22,-28,-31,-19,-22,-16,null
11/8/2020,-18,-21,-28,-18,-32,-28,-24,-25,-47,-26,-24,-33,-20,-27,-19,-17,-19,-22,-22,-17,-31,-30,-23,-26,-17,-20,-19,-20,-29,-19,-31,-29,-28,-23,-20,-20,-18,-28,-25,-25,-20,-15,-20,-25,-26,-21,-28,-31,-18,-21,-16,null
11/9/2020,-18,-22,-28,-18,-32,-28,-24,-25,-46,-27,-24,-33,-20,-28,-19,-17,-19,-22,-21,-17,-30,-30,-23,-27,-17,-19,-19,-20,-29,-19,-31,-29,-28,-23,-20,-20,-18,-28,-25,-24,-20,-15,-20,-25,-26,-21,-28,-31,-18,-21,-16,null
11/10/2020,-18,-22,-28,-18,-32,-29,-24,-24,-46,-27,-24,-32,-20,-27,-19,-17,-19,-21,-20,-17,-30,-30,-23,-27,-16,-19,-19,-20,-29,-19,-30,-29,-27,-23,-20,-20,-18,-28,-24,-24,-19,-15,-19,-25,-27,-21,-27,-31,-17,-21,-17,null
11/11/2020,-20,-24,-29,-19,-33,-30,-25,-25,-47,-29,-24,-35,-21,-28,-20,-18,-20,-22,-21,-19,-31,-31,-24,-28,-17,-20,-20,-21,-30,-21,-31,-30,-29,-24,-22,-21,-19,-29,-25,-26,-20,-17,-20,-26,-27,-22,-28,-32,-19,-22,-18,null
11/12/2020,-20,-24,-29,-19,-33,-30,-25,-25,-48,-30,-24,-35,-21,-28,-20,-19,-21,-22,-21,-19,-32,-32,-24,-29,-17,-20,-21,-21,-30,-21,-30,-31,-29,-25,-22,-21,-19,-29,-25,-27,-20,-17,-20,-26,-28,-22,-29,-32,-19,-22,-18,null
11/13/2020,-20,-24,-29,-19,-33,-30,-25,-25,-48,-30,-24,-35,-21,-28,-20,-19,-21,-22,-21,-19,-32,-32,-24,-29,-18,-21,-21,-21,-30,-21,-30,-31,-29,-25,-22,-21,-20,-29,-25,-27,-20,-17,-21,-26,-28,-22,-29,-32,-19,-22,-19,null
11/14/2020,-20,-24,-29,-19,-33,-31,-26,-25,-48,-29,-24,-35,-22,-28,-21,-19,-21,-22,-21,-20,-32,-32,-25,-29,-18,-21,-21,-21,-30,-22,-30,-31,-30,-25,-22,-22,-20,-29,-25,-27,-20,-18,-21,-26,-28,-23,-29,-32,-19,-22,-19,null
11/15/2020,-20,-24,-29,-20,-33,-31,-26,-26,-48,-29,-24,-35,-22,-29,-21,-20,-22,-23,-21,-20,-32,-32,-25,-30,-18,-22,-20,-22,-30,-22,-31,-31,-30,-25,-22,-22,-20,-29,-26,-28,-20,-18,-21,-26,-28,-24,-29,-32,-20,-23,-20,null
11/16/2020,-20,-24,-29,-20,-33,-31,-26,-26,-48,-27,-24,-35,-22,-29,-22,-20,-22,-23,-21,-20,-32,-32,-26,-30,-18,-22,-20,-22,-30,-22,-31,-32,-30,-25,-22,-23,-20,-30,-26,-28,-20,-18,-21,-26,-28,-24,-29,-32,-20,-23,-20,null
11/17/2020,-20,-25,-29,-20,-33,-31,-26,-26,-48,-27,-24,-35,-21,-30,-22,-20,-22,-23,-21,-20,-33,-33,-27,-30,-18,-22,-20,-21,-30,-22,-31,-32,-31,-25,-22,-23,-21,-30,-26,-28,-20,-17,-21,-26,-29,-25,-29,-32,-20,-23,-20,null
11/18/2020,-18,-23,-28,-20,-32,-31,-26,-25,-47,-25,-23,-32,-21,-29,-22,-20,-21,-22,-20,-18,-31,-31,-27,-29,-17,-21,-19,-21,-30,-21,-30,-32,-29,-24,-19,-22,-20,-29,-26,-26,-19,-16,-20,-25,-28,-24,-28,-31,-19,-22,-19,null
11/19/2020,-18,-23,-28,-20,-32,-31,-26,-25,-47,-25,-23,-32,-21,-29,-22,-20,-21,-22,-20,-18,-31,-31,-28,-29,-17,-22,-19,-21,-30,-21,-30,-33,-29,-23,-19,-23,-20,-30,-26,-26,-19,-16,-20,-25,-28,-25,-27,-32,-19,-22,-19,null
11/20/2020,-18,-23,-28,-20,-32,-31,-26,-25,-47,-25,-23,-31,-20,-29,-22,-20,-21,-23,-20,-18,-31,-31,-28,-29,-17,-21,-19,-21,-30,-21,-30,-34,-29,-23,-19,-23,-20,-30,-26,-26,-19,-16,-20,-25,-28,-25,-27,-32,-19,-23,-19,null
11/21/2020,-18,-24,-28,-20,-32,-31,-26,-25,-47,-25,-23,-31,-20,-29,-21,-19,-21,-23,-20,-18,-31,-31,-28,-30,-17,-21,-19,-20,-30,-20,-30,-35,-29,-23,-19,-22,-21,-30,-26,-26,-18,-16,-20,-25,-28,-24,-27,-32,-19,-23,-18,null
11/22/2020,-18,-24,-27,-20,-32,-32,-25,-25,-46,-24,-23,-31,-20,-29,-21,-19,-21,-23,-20,-18,-31,-31,-28,-30,-17,-21,-19,-20,-30,-20,-30,-36,-29,-22,-19,-22,-21,-31,-26,-26,-18,-15,-19,-25,-27,-24,-27,-33,-19,-22,-18,null
11/23/2020,-19,-24,-28,-21,-32,-32,-26,-25,-46,-25,-24,-31,-20,-29,-21,-19,-21,-23,-21,-19,-31,-31,-29,-30,-18,-21,-19,-20,-30,-20,-30,-37,-29,-23,-19,-22,-22,-32,-26,-26,-18,-16,-20,-26,-28,-24,-27,-33,-20,-23,-18,null
11/24/2020,-20,-24,-28,-22,-32,-33,-26,-25,-46,-26,-25,-31,-22,-30,-22,-20,-22,-24,-23,-19,-31,-31,-29,-31,-20,-22,-19,-21,-30,-21,-30,-37,-29,-23,-19,-23,-23,-32,-26,-26,-19,-16,-21,-28,-28,-25,-28,-33,-21,-23,-19,null
11/25/2020,-22,-25,-29,-24,-33,-34,-27,-26,-47,-27,-27,-31,-24,-31,-23,-21,-24,-25,-25,-20,-32,-31,-30,-32,-22,-23,-21,-22,-31,-22,-31,-38,-30,-24,-20,-24,-25,-33,-27,-27,-21,-17,-23,-29,-30,-26,-29,-34,-23,-25,-21,null
11/26/2020,-30,-32,-35,-33,-39,-41,-34,-33,-50,-35,-34,-37,-32,-37,-31,-29,-32,-33,-32,-29,-38,-38,-36,-39,-31,-31,-29,-31,-36,-31,-37,-44,-36,-32,-28,-32,-33,-39,-34,-34,-29,-26,-31,-37,-37,-34,-36,-40,-31,-33,-30,null
11/27/2020,-36,-35,-40,-38,-43,-44,-38,-36,-52,-39,-39,-41,-37,-41,-36,-34,-37,-37,-37,-34,-41,-42,-40,-43,-36,-37,-34,-36,-39,-36,-40,-47,-40,-37,-33,-37,-37,-43,-38,-38,-34,-31,-36,-41,-42,-38,-40,-43,-35,-37,-35,null
11/28/2020,-37,-36,-41,-39,-44,-45,-39,-37,-52,-40,-40,-41,-38,-42,-38,-36,-38,-38,-38,-35,-42,-43,-42,-44,-38,-37,-34,-37,-40,-37,-41,-48,-41,-38,-34,-38,-38,-43,-39,-39,-36,-32,-37,-43,-43,-39,-41,-44,-36,-38,-36,null
11/29/2020,-38,-36,-41,-39,-44,-46,-39,-37,-53,-40,-41,-41,-38,-43,-38,-36,-39,-39,-39,-35,-42,-43,-42,-44,-39,-38,-35,-38,-41,-37,-42,-48,-41,-39,-34,-38,-38,-44,-40,-40,-36,-33,-38,-43,-43,-39,-41,-44,-36,-38,-36,null
11/30/2020,-38,-36,-41,-38,-44,-45,-40,-38,-53,-40,-40,-41,-37,-43,-38,-36,-38,-39,-38,-35,-43,-44,-42,-44,-38,-37,-34,-37,-41,-37,-42,-48,-41,-39,-34,-39,-37,-44,-41,-40,-36,-32,-38,-42,-43,-39,-41,-44,-36,-38,-36,null
12/1/2020,-37,-36,-41,-37,-44,-44,-40,-37,-53,-39,-40,-41,-36,-42,-38,-36,-38,-39,-37,-35,-43,-44,-42,-44,-36,-37,-34,-36,-40,-37,-42,-47,-41,-39,-33,-40,-36,-44,-41,-40,-36,-32,-37,-41,-42,-39,-41,-44,-35,-37,-35,null
12/2/2020,-35,-35,-40,-34,-43,-44,-39,-36,-53,-37,-38,-41,-34,-41,-36,-34,-36,-38,-35,-34,-42,-43,-41,-43,-34,-35,-32,-35,-40,-36,-42,-46,-41,-37,-32,-39,-34,-43,-41,-39,-34,-30,-36,-39,-40,-37,-40,-44,-34,-35,-32,null
12/3/2020,-27,-28,-34,-26,-38,-37,-32,-29,-50,-30,-30,-34,-26,-35,-28,-25,-28,-31,-27,-25,-36,-37,-35,-36,-26,-27,-23,-26,-34,-28,-36,-40,-35,-30,-23,-31,-27,-37,-34,-32,-26,-21,-28,-32,-32,-30,-33,-38,-27,-27,-23,null
12/4/2020,-21,-24,-30,-21,-34,-34,-28,-26,-48,-25,-26,-31,-21,-31,-23,-20,-23,-26,-22,-21,-33,-33,-30,-32,-20,-21,-18,-21,-31,-23,-33,-36,-32,-25,-18,-26,-22,-33,-30,-28,-21,-15,-23,-27,-27,-25,-29,-34,-22,-22,-17,null
12/5/2020,-19,-23,-29,-19,-33,-33,-28,-26,-48,-24,-24,-30,-19,-29,-21,-18,-22,-25,-21,-21,-33,-33,-29,-31,-18,-20,-17,-19,-30,-24,-32,-34,-31,-24,-17,-25,-20,-31,-30,-29,-19,-14,-21,-25,-26,-24,-28,-33,-22,-20,-16,null
12/6/2020,-18,-23,-28,-18,-33,-32,-28,-25,-48,-24,-23,-30,-19,-29,-21,-18,-21,-24,-20,-21,-32,-33,-28,-31,-17,-19,-16,-19,-30,-24,-32,-33,-31,-23,-16,-25,-20,-31,-29,-29,-18,-13,-20,-25,-25,-25,-28,-33,-21,-20,-16,null
12/7/2020,-18,-23,-28,-18,-33,-32,-27,-25,-48,-24,-23,-30,-19,-29,-20,-18,-21,-24,-20,-22,-32,-33,-28,-31,-17,-19,-16,-18,-30,-24,-32,-33,-31,-23,-16,-24,-20,-31,-28,-29,-18,-13,-20,-24,-25,-25,-28,-33,-21,-20,-15,null
12/8/2020,-18,-22,-28,-18,-33,-32,-27,-25,-47,-24,-23,-29,-19,-28,-20,-17,-21,-24,-20,-21,-32,-33,-27,-31,-17,-19,-16,-18,-30,-24,-32,-32,-31,-23,-16,-23,-19,-31,-28,-29,-18,-13,-20,-24,-25,-25,-28,-32,-20,-20,-15,null
12/9/2020,-18,-22,-28,-18,-33,-31,-27,-25,-47,-24,-23,-29,-19,-28,-20,-17,-21,-24,-20,-21,-32,-33,-27,-31,-17,-19,-16,-18,-30,-24,-32,-32,-31,-23,-16,-23,-19,-31,-28,-29,-18,-13,-20,-24,-25,-25,-28,-32,-20,-20,-15,null
12/10/2020,-18,-22,-29,-18,-34,-31,-27,-26,-47,-24,-23,-29,-19,-28,-20,-17,-20,-24,-20,-21,-32,-33,-27,-31,-17,-19,-16,-18,-30,-24,-32,-32,-31,-23,-16,-23,-19,-31,-28,-29,-18,-13,-20,-24,-24,-25,-28,-32,-20,-19,-15,null
12/11/2020,-18,-22,-29,-18,-34,-32,-27,-26,-47,-24,-23,-29,-19,-28,-20,-17,-20,-24,-20,-21,-32,-33,-27,-31,-17,-19,-16,-18,-30,-24,-32,-32,-31,-23,-16,-23,-19,-31,-28,-29,-18,-13,-20,-24,-25,-25,-28,-32,-20,-19,-15,null
12/12/2020,-18,-22,-29,-18,-35,-32,-26,-26,-47,-24,-23,-30,-19,-28,-20,-18,-21,-24,-20,-20,-31,-32,-28,-31,-17,-19,-16,-19,-30,-23,-31,-32,-30,-23,-16,-23,-19,-31,-28,-29,-18,-13,-20,-24,-25,-25,-28,-33,-20,-20,-15,null
12/13/2020,-18,-22,-29,-19,-35,-33,-26,-25,-46,-24,-23,-30,-19,-28,-20,-18,-21,-24,-20,-20,-31,-32,-27,-31,-17,-19,-16,-19,-30,-23,-31,-32,-30,-23,-16,-23,-21,-31,-29,-29,-18,-13,-20,-25,-25,-24,-28,-33,-20,-20,-16,null
12/14/2020,-18,-22,-29,-19,-35,-33,-26,-26,-47,-24,-23,-29,-19,-28,-20,-17,-21,-24,-20,-19,-31,-32,-27,-31,-17,-19,-16,-19,-31,-23,-31,-32,-30,-23,-16,-23,-22,-31,-29,-29,-19,-13,-20,-25,-25,-24,-28,-33,-20,-20,-15,null
12/15/2020,-19,-22,-29,-20,-36,-33,-26,-26,-47,-24,-23,-30,-19,-28,-20,-17,-21,-24,-20,-20,-31,-32,-27,-31,-17,-19,-16,-19,-31,-23,-31,-32,-31,-23,-16,-23,-23,-31,-29,-29,-19,-13,-20,-25,-26,-24,-28,-33,-20,-20,-16,null
12/16/2020,-19,-22,-29,-20,-36,-33,-26,-26,-47,-24,-24,-30,-19,-28,-20,-17,-21,-24,-20,-20,-33,-32,-27,-30,-18,-19,-16,-19,-31,-23,-32,-32,-31,-24,-16,-23,-23,-31,-31,-29,-19,-13,-21,-25,-26,-24,-29,-33,-22,-20,-15,null
12/17/2020,-19,-22,-29,-20,-36,-33,-32,-27,-48,-24,-24,-30,-19,-28,-20,-17,-21,-23,-21,-22,-34,-37,-27,-30,-18,-19,-15,-20,-31,-27,-36,-31,-34,-24,-16,-23,-24,-31,-34,-34,-19,-13,-21,-25,-26,-26,-30,-33,-23,-20,-15,null
12/18/2020,-20,-22,-29,-20,-36,-33,-32,-27,-48,-24,-25,-30,-19,-28,-20,-17,-21,-23,-21,-22,-34,-37,-27,-30,-18,-19,-15,-20,-31,-27,-36,-31,-35,-24,-16,-23,-24,-31,-35,-34,-20,-13,-21,-25,-26,-26,-30,-33,-23,-20,-15,null
12/19/2020,-20,-22,-29,-21,-36,-32,-32,-28,-48,-24,-25,-30,-19,-28,-20,-17,-21,-23,-21,-22,-34,-37,-27,-30,-19,-19,-15,-19,-31,-27,-36,-31,-35,-24,-16,-23,-24,-31,-34,-34,-20,-12,-22,-26,-26,-26,-30,-33,-23,-19,-15,null
12/20/2020,-19,-22,-29,-20,-35,-31,-32,-28,-48,-24,-24,-30,-19,-28,-20,-16,-21,-22,-20,-22,-34,-37,-26,-29,-18,-19,-15,-18,-31,-27,-36,-30,-35,-24,-16,-23,-21,-31,-34,-34,-20,-12,-21,-25,-25,-25,-30,-32,-23,-19,-15,null
12/21/2020,-20,-23,-30,-20,-36,-31,-32,-28,-48,-25,-25,-30,-19,-28,-21,-16,-21,-23,-21,-22,-34,-38,-27,-29,-19,-19,-15,-19,-31,-27,-36,-31,-35,-25,-16,-23,-22,-31,-34,-34,-21,-12,-22,-26,-26,-25,-31,-33,-23,-19,-16,null
12/22/2020,-22,-24,-30,-22,-36,-32,-33,-28,-48,-26,-27,-31,-21,-29,-22,-17,-22,-23,-22,-22,-35,-38,-27,-29,-21,-20,-16,-20,-31,-27,-36,-31,-35,-26,-17,-24,-22,-31,-35,-34,-22,-13,-23,-28,-28,-26,-31,-33,-23,-20,-18,null
12/23/2020,-23,-25,-31,-24,-37,-32,-33,-28,-47,-27,-28,-32,-23,-29,-24,-19,-24,-24,-24,-23,-34,-38,-28,-31,-23,-22,-18,-22,-32,-28,-35,-32,-35,-27,-20,-25,-23,-32,-34,-35,-24,-16,-25,-30,-30,-27,-31,-34,-23,-21,-20,null
12/24/2020,-29,-29,-35,-29,-40,-36,-31,-31,-48,-31,-33,-35,-28,-33,-29,-24,-29,-29,-29,-25,-35,-36,-33,-35,-28,-27,-22,-27,-34,-28,-35,-35,-35,-32,-26,-30,-28,-35,-34,-32,-29,-22,-30,-34,-35,-29,-35,-37,-26,-27,-26,null
12/25/2020,-37,-37,-41,-38,-46,-42,-38,-38,-52,-39,-40,-42,-36,-41,-38,-33,-37,-37,-37,-33,-42,-43,-40,-42,-37,-36,-32,-36,-40,-36,-41,-41,-41,-40,-35,-38,-36,-42,-41,-39,-38,-32,-38,-42,-43,-37,-42,-44,-34,-35,-36,null
12/26/2020,-40,-38,-43,-40,-48,-44,-40,-40,-53,-41,-43,-43,-39,-43,-41,-36,-40,-40,-38,-36,-44,-45,-43,-44,-39,-39,-33,-39,-41,-39,-43,-43,-42,-43,-37,-41,-38,-44,-43,-42,-41,-35,-42,-44,-45,-39,-44,-46,-36,-38,-38,null
12/27/2020,-41,-39,-44,-41,-48,-45,-41,-40,-54,-41,-44,-43,-40,-44,-42,-37,-41,-41,-39,-36,-44,-46,-45,-45,-40,-40,-34,-40,-42,-40,-44,-43,-43,-44,-38,-42,-39,-44,-44,-42,-42,-36,-43,-44,-46,-40,-45,-46,-37,-39,-39,null
12/28/2020,-42,-40,-45,-42,-49,-46,-43,-41,-54,-42,-45,-44,-41,-45,-43,-39,-42,-43,-40,-38,-45,-47,-46,-46,-41,-41,-36,-41,-42,-41,-45,-44,-44,-45,-40,-43,-40,-45,-45,-43,-43,-37,-44,-45,-47,-41,-46,-47,-39,-41,-40,null
12/29/2020,-43,-40,-45,-42,-50,-46,-44,-42,-55,-43,-46,-44,-41,-46,-44,-42,-43,-44,-40,-39,-46,-48,-47,-48,-42,-42,-37,-44,-43,-42,-46,-45,-45,-46,-41,-44,-41,-46,-47,-44,-44,-39,-45,-46,-48,-43,-47,-48,-40,-42,-41,null
12/30/2020,-44,-40,-46,-43,-51,-46,-45,-43,-55,-44,-46,-44,-42,-47,-45,-43,-44,-44,-41,-40,-47,-49,-48,-47,-43,-43,-37,-44,-43,-43,-47,-45,-46,-46,-40,-45,-41,-46,-47,-45,-45,-38,-46,-46,-48,-43,-47,-48,-40,-43,-41,null
12/31/2020,-42,-38,-45,-40,-50,-45,-44,-41,-54,-43,-44,-44,-40,-46,-43,-41,-42,-43,-39,-38,-46,-48,-47,-45,-41,-41,-35,-42,-41,-42,-46,-44,-45,-44,-38,-43,-39,-45,-46,-44,-42,-35,-44,-45,-47,-42,-46,-47,-38,-41,-39,null
1/1/2021,-40,-37,-43,-39,-49,-44,-43,-40,-54,-41,-43,-43,-38,-45,-42,-39,-41,-41,-38,-36,-45,-47,-46,-44,-39,-40,-33,-41,-40,-40,-45,-43,-45,-42,-36,-42,-38,-43,-46,-42,-41,-34,-42,-44,-46,-41,-44,-46,-36,-40,-37,null
1/2/2021,-39,-36,-43,-38,-49,-43,-42,-39,-53,-41,-42,-43,-37,-45,-41,-38,-40,-40,-37,-36,-44,-46,-45,-44,-39,-40,-32,-40,-39,-39,-45,-42,-44,-41,-35,-41,-37,-43,-45,-42,-40,-32,-40,-43,-45,-40,-43,-46,-35,-39,-36,null
1/3/2021,-39,-35,-43,-37,-49,-43,-42,-40,-54,-41,-42,-43,-36,-45,-41,-37,-40,-39,-37,-36,-44,-46,-45,-43,-38,-40,-31,-39,-39,-39,-45,-42,-44,-41,-34,-41,-37,-42,-45,-42,-40,-32,-40,-43,-45,-40,-43,-45,-35,-39,-35,null
1/4/2021,-37,-34,-41,-36,-48,-41,-41,-39,-54,-39,-40,-42,-34,-43,-39,-35,-38,-37,-35,-35,-43,-45,-43,-42,-36,-38,-29,-38,-38,-38,-44,-41,-43,-39,-32,-39,-35,-41,-43,-41,-38,-30,-38,-42,-42,-39,-42,-44,-33,-37,-32,null
1/5/2021,-35,-32,-40,-33,-47,-40,-40,-38,-54,-37,-39,-41,-32,-42,-37,-32,-36,-36,-34,-33,-43,-44,-41,-41,-33,-36,-27,-34,-38,-36,-43,-40,-42,-38,-30,-37,-33,-40,-42,-40,-36,-27,-36,-40,-40,-37,-40,-43,-32,-35,-30,null
1/6/2021,-33,-31,-39,-31,-46,-39,-38,-37,-54,-36,-37,-40,-30,-41,-34,-29,-34,-34,-32,-32,-42,-43,-39,-39,-31,-34,-25,-31,-37,-35,-42,-39,-41,-36,-28,-35,-31,-40,-40,-39,-34,-25,-34,-38,-38,-36,-39,-42,-31,-33,-27,null
1/7/2021,-30,-29,-37,-28,-44,-37,-36,-35,-54,-33,-35,-38,-27,-38,-30,-26,-31,-31,-29,-30,-40,-41,-35,-37,-27,-31,-22,-28,-36,-32,-40,-37,-39,-34,-25,-32,-29,-38,-38,-37,-31,-22,-31,-35,-34,-33,-37,-40,-28,-29,-24,null
1/8/2021,-23,-23,-32,-21,-39,-31,-29,-29,-51,-26,-29,-32,-20,-31,-22,-18,-23,-25,-22,-23,-35,-36,-29,-30,-20,-22,-15,-20,-31,-26,-34,-32,-34,-28,-17,-25,-22,-32,-31,-31,-25,-13,-25,-28,-27,-27,-31,-35,-22,-22,-16,null
1/9/2021,-22,-22,-31,-20,-38,-30,-28,-28,-51,-25,-27,-31,-19,-29,-21,-16,-21,-23,-21,-21,-34,-35,-26,-29,-19,-21,-14,-19,-31,-24,-33,-31,-33,-28,-16,-24,-20,-31,-29,-30,-23,-13,-24,-27,-26,-25,-31,-34,-22,-20,-15,null
1/10/2021,-21,-22,-31,-20,-38,-30,-28,-28,-51,-25,-27,-31,-19,-29,-20,-16,-21,-23,-22,-21,-34,-35,-26,-29,-19,-20,-14,-19,-31,-24,-33,-32,-33,-27,-16,-23,-20,-31,-28,-29,-23,-13,-23,-29,-26,-25,-30,-34,-21,-20,-15,null
1/11/2021,-21,-22,-31,-20,-37,-30,-28,-27,-51,-25,-27,-31,-18,-29,-20,-16,-21,-23,-23,-21,-34,-35,-26,-29,-20,-20,-14,-18,-31,-24,-32,-32,-32,-27,-16,-23,-20,-31,-28,-29,-23,-12,-23,-29,-26,-25,-30,-34,-21,-20,-14,null
1/12/2021,-21,-22,-31,-20,-37,-30,-27,-27,-51,-25,-27,-31,-18,-28,-20,-16,-20,-23,-23,-21,-33,-35,-26,-28,-20,-20,-14,-18,-31,-24,-32,-32,-32,-27,-16,-23,-20,-31,-28,-28,-23,-12,-23,-29,-26,-25,-30,-34,-21,-20,-14,null
1/13/2021,-21,-21,-31,-20,-37,-30,-27,-27,-50,-25,-27,-31,-19,-28,-20,-16,-20,-23,-23,-21,-33,-34,-26,-28,-20,-20,-14,-18,-31,-24,-32,-32,-33,-27,-16,-23,-20,-31,-28,-28,-22,-12,-23,-28,-26,-25,-30,-34,-21,-20,-14,null
1/14/2021,-21,-21,-31,-19,-37,-29,-27,-27,-50,-25,-27,-31,-19,-28,-20,-16,-20,-23,-23,-21,-33,-34,-26,-28,-20,-20,-14,-18,-31,-24,-32,-32,-33,-27,-16,-22,-20,-31,-28,-28,-22,-12,-23,-28,-26,-25,-30,-34,-21,-20,-14,null
1/15/2021,-21,-22,-31,-20,-37,-29,-27,-27,-50,-25,-27,-31,-19,-28,-20,-19,-21,-24,-23,-22,-34,-35,-26,-29,-20,-21,-14,-20,-31,-24,-32,-32,-33,-26,-16,-23,-20,-32,-28,-28,-22,-14,-23,-29,-26,-25,-30,-34,-22,-20,-15,null
1/16/2021,-21,-22,-31,-20,-38,-29,-28,-27,-51,-26,-27,-32,-19,-29,-21,-19,-21,-24,-23,-23,-34,-35,-26,-29,-20,-21,-15,-21,-32,-24,-33,-32,-33,-26,-16,-23,-21,-32,-28,-28,-23,-14,-23,-29,-26,-26,-30,-34,-22,-21,-15,null
1/17/2021,-22,-23,-31,-20,-38,-29,-28,-27,-51,-26,-27,-32,-20,-29,-21,-20,-21,-25,-23,-23,-34,-35,-27,-29,-21,-22,-15,-21,-32,-25,-33,-31,-34,-27,-17,-23,-21,-32,-28,-28,-23,-15,-23,-27,-27,-27,-31,-34,-23,-21,-15,null
1/18/2021,-24,-26,-33,-23,-39,-30,-30,-29,-53,-28,-30,-35,-22,-31,-23,-22,-24,-27,-25,-26,-36,-37,-28,-30,-22,-24,-18,-23,-33,-27,-35,-33,-36,-29,-19,-25,-23,-33,-30,-31,-26,-17,-25,-29,-30,-29,-33,-36,-25,-22,-18,null
1/19/2021,-24,-26,-33,-23,-39,-31,-30,-29,-54,-28,-30,-36,-22,-31,-23,-22,-24,-27,-25,-26,-36,-37,-28,-30,-22,-24,-18,-23,-33,-27,-35,-33,-36,-29,-19,-25,-23,-33,-30,-31,-26,-17,-25,-29,-30,-29,-33,-36,-25,-22,-18,null
1/20/2021,-24,-26,-33,-23,-39,-31,-30,-29,-56,-28,-30,-36,-21,-31,-23,-22,-24,-27,-25,-26,-37,-37,-28,-30,-22,-24,-18,-23,-33,-27,-35,-33,-36,-29,-19,-25,-23,-33,-30,-31,-26,-17,-25,-29,-30,-29,-33,-35,-25,-22,-18,null
1/21/2021,-24,-26,-33,-23,-39,-30,-30,-29,-56,-28,-30,-35,-21,-31,-23,-21,-24,-26,-25,-26,-37,-37,-28,-30,-22,-24,-17,-22,-33,-26,-35,-33,-36,-29,-19,-25,-23,-33,-30,-31,-26,-17,-25,-29,-29,-29,-33,-35,-25,-22,-18,null
1/22/2021,-24,-25,-32,-22,-39,-30,-30,-29,-55,-28,-30,-35,-21,-30,-23,-18,-23,-26,-25,-26,-37,-37,-28,-29,-22,-23,-17,-20,-33,-26,-34,-33,-36,-29,-18,-25,-23,-33,-30,-31,-25,-14,-24,-29,-29,-29,-33,-35,-24,-22,-18,null
1/23/2021,-23,-24,-32,-22,-39,-30,-30,-29,-55,-28,-29,-35,-21,-30,-22,-18,-23,-25,-25,-25,-37,-37,-28,-29,-22,-22,-17,-20,-33,-26,-34,-33,-36,-28,-18,-25,-23,-33,-29,-30,-25,-15,-24,-29,-29,-28,-33,-35,-24,-22,-18,null
1/24/2021,-23,-24,-33,-22,-39,-30,-30,-29,-55,-27,-29,-35,-21,-30,-22,-18,-22,-25,-25,-25,-36,-37,-27,-29,-22,-22,-17,-19,-33,-25,-34,-33,-35,-28,-18,-24,-22,-33,-29,-30,-24,-15,-24,-29,-29,-28,-33,-35,-24,-21,-18,null
1/25/2021,-20,-20,-31,-20,-38,-29,-27,-27,-53,-25,-26,-31,-18,-28,-20,-17,-21,-23,-22,-23,-34,-35,-26,-28,-19,-20,-15,-22,-32,-23,-33,-32,-33,-26,-16,-23,-20,-32,-27,-28,-22,-12,-22,-27,-26,-26,-31,-34,-22,-20,-15,null
1/26/2021,-20,-20,-32,-20,-38,-29,-28,-27,-52,-25,-26,-31,-18,-29,-20,-20,-21,-23,-22,-23,-35,-35,-26,-27,-18,-20,-15,-25,-32,-23,-33,-32,-34,-26,-15,-23,-20,-32,-28,-28,-22,-12,-21,-27,-26,-26,-31,-34,-22,-21,-15,null
1/27/2021,-20,-20,-31,-20,-38,-29,-28,-27,-50,-25,-26,-31,-18,-29,-20,-20,-21,-23,-22,-23,-34,-35,-26,-27,-18,-21,-15,-26,-32,-23,-33,-31,-34,-26,-15,-22,-20,-32,-28,-29,-22,-12,-21,-26,-26,-25,-30,-34,-22,-21,-15,null
1/28/2021,-19,-20,-31,-20,-38,-29,-28,-27,-50,-25,-26,-31,-18,-29,-21,-20,-21,-24,-22,-23,-34,-35,-26,-27,-18,-21,-15,-26,-33,-23,-33,-31,-34,-26,-15,-23,-20,-32,-28,-29,-21,-13,-21,-26,-26,-25,-31,-34,-22,-21,-15,null
1/29/2021,-19,-20,-31,-20,-38,-29,-28,-27,-50,-25,-25,-31,-18,-29,-21,-20,-21,-24,-22,-23,-34,-35,-26,-27,-18,-21,-15,-26,-33,-23,-33,-31,-34,-26,-15,-22,-20,-32,-28,-29,-21,-13,-21,-26,-26,-25,-31,-34,-22,-21,-15,null
1/30/2021,-19,-20,-31,-20,-37,-29,-28,-26,-50,-25,-25,-31,-18,-29,-21,-20,-21,-24,-21,-23,-33,-35,-26,-27,-18,-21,-14,-25,-32,-23,-33,-31,-34,-26,-15,-22,-20,-32,-27,-29,-21,-13,-21,-26,-25,-25,-30,-33,-22,-21,-14,null
1/31/2021,-19,-20,-30,-20,-36,-28,-27,-27,-52,-25,-26,-31,-18,-31,-22,-20,-21,-24,-21,-22,-36,-34,-26,-27,-18,-21,-14,-25,-32,-23,-33,-31,-33,-27,-15,-23,-20,-31,-28,-28,-22,-12,-21,-26,-25,-25,-34,-33,-23,-22,-14,null
2/1/2021,-19,-20,-30,-19,-36,-28,-33,-30,-53,-25,-26,-30,-18,-31,-22,-19,-20,-24,-21,-22,-39,-36,-26,-27,-18,-21,-14,-21,-31,-23,-39,-30,-37,-27,-15,-24,-19,-31,-33,-31,-22,-12,-21,-26,-25,-25,-35,-33,-24,-22,-14,null
2/2/2021,-19,-20,-29,-19,-36,-27,-36,-32,-54,-25,-26,-30,-17,-29,-22,-16,-19,-25,-21,-27,-40,-38,-25,-26,-18,-20,-14,-17,-31,-27,-42,-30,-39,-27,-15,-24,-19,-31,-36,-32,-21,-12,-22,-26,-25,-27,-36,-33,-26,-21,-14,null
2/3/2021,-19,-20,-29,-19,-36,-27,-35,-32,-54,-25,-25,-31,-17,-29,-21,-16,-19,-24,-21,-27,-40,-37,-25,-26,-18,-19,-14,-16,-30,-26,-43,-30,-39,-27,-15,-24,-19,-31,-36,-31,-21,-12,-22,-25,-24,-27,-35,-33,-26,-20,-14,null
2/4/2021,-19,-20,-29,-19,-35,-27,-35,-32,-54,-24,-25,-31,-17,-29,-21,-19,-19,-24,-21,-26,-40,-37,-25,-27,-18,-19,-14,-17,-30,-26,-43,-30,-39,-26,-15,-24,-19,-31,-36,-31,-21,-12,-21,-25,-24,-27,-35,-33,-25,-21,-14,null
2/5/2021,-19,-20,-29,-19,-35,-27,-34,-31,-54,-24,-25,-30,-17,-30,-21,-20,-19,-24,-21,-26,-40,-37,-26,-27,-18,-19,-14,-17,-30,-26,-42,-29,-39,-26,-15,-24,-19,-31,-36,-31,-21,-12,-21,-25,-24,-27,-34,-33,-25,-22,-14,null
2/6/2021,-20,-20,-28,-19,-35,-27,-33,-31,-53,-24,-25,-30,-17,-30,-21,-20,-19,-23,-21,-25,-39,-36,-26,-27,-18,-19,-14,-18,-29,-25,-41,-29,-38,-26,-15,-24,-19,-31,-35,-30,-21,-12,-21,-25,-24,-27,-34,-32,-25,-22,-14,null
2/7/2021,-20,-20,-28,-19,-34,-27,-36,-32,-52,-24,-25,-31,-17,-29,-20,-20,-19,-23,-21,-26,-38,-37,-26,-27,-18,-19,-15,-19,-29,-26,-43,-29,-39,-25,-15,-23,-19,-31,-35,-32,-21,-13,-21,-25,-24,-27,-32,-32,-23,-21,-14,null
2/8/2021,-19,-20,-28,-19,-35,-27,-30,-29,-50,-24,-25,-31,-17,-29,-20,-20,-21,-23,-21,-26,-35,-36,-26,-28,-18,-21,-16,-20,-29,-25,-37,-29,-36,-25,-16,-22,-21,-31,-30,-30,-21,-13,-21,-25,-24,-27,-30,-32,-21,-22,-14,null
2/9/2021,-19,-20,-28,-19,-34,-27,-29,-27,-49,-24,-25,-31,-17,-29,-20,-20,-21,-23,-21,-21,-33,-35,-26,-28,-18,-23,-16,-20,-29,-22,-33,-29,-33,-25,-16,-22,-23,-30,-27,-29,-21,-13,-21,-25,-24,-24,-29,-32,-20,-22,-14,null
2/10/2021,-19,-20,-28,-21,-34,-27,-29,-27,-49,-24,-25,-31,-17,-29,-21,-20,-22,-25,-21,-21,-33,-35,-26,-28,-18,-25,-16,-20,-29,-22,-33,-29,-33,-25,-16,-22,-26,-30,-27,-29,-20,-13,-21,-26,-24,-24,-29,-32,-20,-22,-14,null
2/11/2021,-19,-20,-28,-25,-34,-27,-29,-28,-49,-24,-25,-31,-17,-29,-21,-18,-22,-29,-21,-21,-34,-34,-26,-27,-18,-26,-17,-20,-29,-22,-33,-29,-33,-25,-16,-23,-28,-31,-27,-29,-20,-13,-22,-27,-24,-24,-30,-32,-22,-21,-15,null
2/12/2021,-19,-21,-28,-26,-35,-28,-29,-29,-50,-24,-25,-31,-17,-29,-21,-17,-23,-30,-21,-21,-34,-34,-25,-27,-19,-27,-17,-21,-29,-22,-33,-29,-33,-25,-17,-23,-30,-33,-27,-28,-20,-15,-22,-28,-24,-24,-31,-34,-23,-20,-16,null
2/13/2021,-19,-21,-28,-26,-35,-29,-30,-30,-52,-24,-25,-31,-18,-29,-21,-18,-23,-30,-21,-21,-36,-35,-25,-27,-19,-28,-17,-21,-30,-22,-34,-29,-34,-26,-17,-23,-31,-38,-28,-29,-21,-15,-23,-29,-25,-24,-34,-38,-23,-21,-16,null
2/14/2021,-20,-21,-28,-28,-35,-30,-28,-29,-51,-24,-25,-31,-18,-29,-21,-18,-25,-29,-22,-21,-35,-34,-25,-27,-20,-28,-17,-21,-29,-22,-33,-32,-33,-26,-17,-23,-36,-40,-28,-27,-21,-15,-23,-33,-25,-24,-33,-42,-23,-20,-17,null
2/15/2021,-23,-23,-30,-36,-36,-32,-29,-30,-53,-26,-27,-35,-22,-31,-24,-19,-28,-34,-30,-24,-37,-36,-26,-28,-28,-32,-19,-23,-31,-24,-35,-34,-35,-27,-20,-25,-42,-43,-29,-29,-23,-18,-29,-41,-28,-26,-35,-45,-26,-21,-20,null
2/16/2021,-28,-24,-30,-43,-36,-32,-29,-30,-53,-26,-28,-35,-22,-34,-28,-20,-30,-39,-37,-27,-37,-36,-28,-28,-36,-34,-18,-25,-31,-25,-35,-36,-35,-27,-20,-28,-46,-44,-29,-29,-23,-19,-34,-48,-29,-28,-35,-45,-27,-21,-20,null
2/17/2021,-29,-24,-29,-50,-36,-32,-28,-30,-53,-26,-28,-35,-22,-34,-29,-20,-31,-39,-41,-27,-37,-36,-28,-28,-43,-35,-18,-25,-31,-25,-35,-36,-36,-27,-19,-28,-49,-44,-29,-30,-22,-19,-38,-55,-30,-29,-35,-45,-28,-21,-20,null
2/18/2021,-30,-24,-29,-53,-36,-33,-30,-32,-55,-26,-28,-35,-22,-34,-29,-20,-31,-38,-45,-28,-40,-37,-28,-28,-48,-35,-18,-24,-31,-25,-37,-36,-37,-28,-19,-29,-50,-44,-31,-31,-23,-18,-42,-59,-30,-29,-38,-45,-29,-21,-20,null
2/19/2021,-30,-23,-29,-56,-36,-32,-31,-33,-56,-26,-28,-34,-22,-33,-29,-19,-30,-38,-47,-29,-41,-38,-28,-28,-52,-35,-17,-24,-30,-26,-38,-36,-38,-28,-19,-28,-50,-41,-32,-32,-23,-17,-44,-62,-29,-30,-38,-44,-29,-21,-19,null
2/20/2021,-29,-23,-29,-56,-36,-31,-31,-32,-55,-25,-27,-34,-21,-33,-29,-19,-29,-37,-46,-29,-39,-38,-28,-27,-52,-33,-17,-23,-30,-25,-38,-36,-38,-27,-18,-28,-49,-36,-32,-32,-22,-16,-44,-60,-29,-30,-35,-39,-29,-21,-18,null
2/21/2021,-28,-23,-29,-53,-36,-30,-31,-31,-54,-25,-27,-34,-21,-32,-29,-19,-27,-37,-45,-29,-39,-38,-28,-27,-50,-32,-17,-22,-30,-26,-38,-33,-38,-26,-18,-28,-43,-33,-32,-32,-21,-16,-42,-55,-29,-30,-34,-35,-28,-21,-17,null
2/22/2021,-24,-20,-27,-45,-34,-27,-29,-30,-53,-24,-25,-30,-17,-30,-26,-17,-22,-32,-38,-27,-38,-36,-27,-25,-42,-26,-14,-19,-28,-24,-36,-31,-36,-26,-15,-25,-35,-30,-30,-30,-19,-13,-37,-47,-25,-29,-32,-32,-26,-20,-14,null
2/23/2021,-18,-20,-27,-37,-34,-27,-28,-30,-53,-24,-24,-30,-17,-27,-20,-16,-19,-26,-30,-24,-37,-35,-24,-25,-33,-22,-14,-17,-28,-23,-35,-29,-35,-25,-15,-21,-29,-29,-30,-29,-19,-12,-31,-40,-24,-27,-32,-32,-24,-19,-14,null
2/24/2021,-17,-19,-27,-29,-34,-27,-28,-30,-52,-24,-24,-30,-17,-26,-19,-16,-17,-24,-26,-23,-37,-34,-24,-25,-27,-19,-13,-17,-28,-24,-35,-28,-34,-25,-15,-21,-22,-29,-30,-28,-19,-12,-27,-33,-23,-28,-32,-32,-23,-19,-14,null
2/25/2021,-16,-19,-27,-21,-33,-28,-26,-26,-50,-23,-23,-30,-17,-26,-18,-16,-17,-21,-22,-22,-33,-34,-24,-25,-21,-17,-13,-17,-28,-25,-32,-28,-33,-23,-15,-20,-18,-29,-26,-27,-19,-12,-22,-27,-23,-28,-28,-32,-19,-19,-14,null
2/26/2021,-16,-19,-27,-16,-33,-28,-24,-25,-49,-23,-23,-30,-17,-26,-18,-15,-17,-20,-19,-21,-32,-32,-23,-25,-17,-16,-14,-16,-28,-25,-30,-28,-31,-23,-15,-20,-16,-29,-25,-26,-19,-12,-19,-23,-23,-28,-27,-32,-18,-19,-14,null